Workbook
Name DueSoonDays: 'HR Operations Dashboard'!$B$5
Name EmployeeIDs: tblEmployees[Employee ID]
Name lstDepartment: Lists!$A$2:$A$9
Name lstDocType: Lists!$G$2:$G$5
Name lstEmpStatus: Lists!$C$2:$C$4
Name lstLocation: Lists!$B$2:$B$4
Name lstOwner: Lists!$D$2:$D$5
Name lstSubmission: Lists!$H$2:$H$3
Name lstTask: Lists!$F$2:$F$9
Name lstTaskStatus: Lists!$E$2:$E$4
Name lstVerification: Lists!$I$2:$I$4
Name ReportDate: 'HR Operations Dashboard'!$B$4

Sheet Employee Master
A1: Employee ID | B1: Employee Name | C1: Department | D1: Job Title | E1: Joining Date | F1: Reporting Manager | G1: Work Location | H1: Employment Status
A2: WBS-1007 | B2: Aishwarya Lokhande | C2: Sales | D2: Sales Manager | E2: 43535 | F2: Isha Mehta | G2: Mumbai | H2: Active
A3: WBS-1048 | B3: Ajinkya Jadhav | C3: Marketing | D3: Graphic Designer | E3: 46307 | F3: Deepak More | G3: Mumbai | H3: Onboarding
A4: WBS-1008 | B4: Akash Chavan | C4: Information Technology | D4: IT Manager | E4: 43696 | F4: Isha Mehta | G4: Pune | H4: Active
A5: WBS-1040 | B5: Amey Joshi | C5: Finance | D5: Senior Accountant | E5: 46293 | F5: Kedar Menon | G5: Pune | H5: Onboarding
A6: WBS-1042 | B6: Apeksha Bansal | C6: Operations | D6: Operations Executive | E6: 46296 | F6: Saurabh Patil | G6: Nashik | H6: Active
A7: WBS-1016 | B7: Archana Mane | C7: Human Resources | D7: Recruitment Coordinator | E7: 44575 | F7: Madhuri Jadhav | G7: Pune | H7: Active
A8: WBS-1028 | B8: Bhavna Chaudhari | C8: Operations | D8: Back Office Executive | E8: 46190 | F8: Neha Wagh | G8: Pune | H8: Active
A9: WBS-1010 | B9: Deepak More | C9: Marketing | D9: Marketing Manager | E9: 43864 | F9: Isha Mehta | G9: Mumbai | H9: Active
A10: WBS-1009 | B10: Dhruv Mehta | C10: Finance | D10: Accounts Executive | E10: 43789 | F10: Kedar Menon | G10: Pune | H10: Active
A11: WBS-1050 | B11: Dipti Mane | C11: Customer Support | D11: Senior Support Executive | E11: 46309 | F11: Smita Pillai | G11: Pune | H11: Onboarding
A12: WBS-1015 | B12: Divya Iyer | C12: Information Technology | D12: QA Analyst | E12: 44550 | F12: Akash Chavan | G12: Pune | H12: Notice Period
A13: WBS-1029 | B13: Gaurav Shetty | C13: Marketing | D13: Digital Marketing Executive | E13: 46230 | F13: Deepak More | G13: Pune | H13: Active
... A51: WBS-1025 | B51: Yash Parikh | C51: Customer Support | D51: Quality Analyst | E51: 45866 | F51: Nandini Naik | G51: Pune | H51: Active

Sheet Onboarding Tracker
A1: Task ID | B1: Employee ID | C1: Employee Name | D1: Department | E1: Onboarding Task | F1: Task Owner | G1: Due Date | H1: Completion Date | I1: Status | J1: Overdue | K1: Days Overdue | L1: Due Soon | M1: Remarks
A2: OB-001 | B2: WBS-1033 | C2: =IFERROR(INDEX(tblEmployees[Employee Name],MATCH(tblOnboarding[[#This Row],[Employee ID]],tblEmployees[Employee ID],0)),"ID not found") -> Siddharth Agarwal | D2: =IFERROR(INDEX(tblEmployees[Department],MATCH(tblOnboarding[[#This Row],[Employee ID]],tblEmployees[Employee ID],0)),"") -> Information Technology | E2: Offer letter acknowledgement | F2: HR | G2: 46273 | H2: 46279 | I2: Completed | J2: =IF(OR(tblOnboarding[[#This Row],[Status]]="Completed",tblOnboarding[[#This Row],[Due Date]]=""),"No",IF(tblOnboarding[[#This Row],[Due Date]]<ReportDate,"Yes","No")) -> No | K2: =IF(tblOnboarding[[#This Row],[Overdue]]="Yes",ReportDate-tblOnboarding[[#This Row],[Due Date]],"") | L2: =IF(OR(tblOnboarding[[#This Row],[Status]]="Completed",tblOnboarding[[#This Row],[Due Date]]=""),"No",IF(AND(tblOnboarding[[#This Row],[Due Date]]>=ReportDate,tblOnboarding[[#This Row],[Due Date]]<=ReportDate+DueSoonDays),"Yes","No")) -> No | M2: Delayed - employee on leave
A3: OB-002 | B3: WBS-1033 | C3: =IFERROR(INDEX(tblEmployees[Employee Name],MATCH(tblOnboarding[[#This Row],[Employee ID]],tblEmployees[Employee ID],0)),"ID not found") -> Siddharth Agarwal | D3: =IFERROR(INDEX(tblEmployees[Department],MATCH(tblOnboarding[[#This Row],[Employee ID]],tblEmployees[Employee ID],0)),"") -> Information Technology | E3: Identity document submission | F3: HR | G3: 46274 | H3: 46274 | I3: Completed | J3: =IF(OR(tblOnboarding[[#This Row],[Status]]="Completed",tblOnboarding[[#This Row],[Due Date]]=""),"No",IF(tblOnboarding[[#This Row],[Due Date]]<ReportDate,"Yes","No")) -> No | K3: =IF(tblOnboarding[[#This Row],[Overdue]]="Yes",ReportDate-tblOnboarding[[#This Row],[Due Date]],"") | L3: =IF(OR(tblOnboarding[[#This Row],[Status]]="Completed",tblOnboarding[[#This Row],[Due Date]]=""),"No",IF(AND(tblOnboarding[[#This Row],[Due Date]]>=ReportDate,tblOnboarding[[#This Row],[Due Date]]<=ReportDate+DueSoonDays),"Yes","No")) -> No
A4: OB-003 | B4: WBS-1033 | C4: =IFERROR(INDEX(tblEmployees[Employee Name],MATCH(tblOnboarding[[#This Row],[Employee ID]],tblEmployees[Employee ID],0)),"ID not found") -> Siddharth Agarwal | D4: =IFERROR(INDEX(tblEmployees[Department],MATCH(tblOnboarding[[#This Row],[Employee ID]],tblEmployees[Employee ID],0)),"") -> Information Technology | E4: IT account creation | F4: IT | G4: 46273 | H4: 46279 | I4: Completed | J4: =IF(OR(tblOnboarding[[#This Row],[Status]]="Completed",tblOnboarding[[#This Row],[Due Date]]=""),"No",IF(tblOnboarding[[#This Row],[Due Date]]<ReportDate,"Yes","No")) -> No | K4: =IF(tblOnboarding[[#This Row],[Overdue]]="Yes",ReportDate-tblOnboarding[[#This Row],[Due Date]],"") | L4: =IF(OR(tblOnboarding[[#This Row],[Status]]="Completed",tblOnboarding[[#This Row],[Due Date]]=""),"No",IF(AND(tblOnboarding[[#This Row],[Due Date]]>=ReportDate,tblOnboarding[[#This Row],[Due Date]]<=ReportDate+DueSoonDays),"Yes","No")) -> No
A5: OB-004 | B5: WBS-1033 | C5: =IFERROR(INDEX(tblEmployees[Employee Name],MATCH(tblOnboarding[[#This Row],[Employee ID]],tblEmployees[Employee ID],0)),"ID not found") -> Siddharth Agarwal | D5: =IFERROR(INDEX(tblEmployees[Department],MATCH(tblOnboarding[[#This Row],[Employee ID]],tblEmployees[Employee ID],0)),"") -> Information Technology | E5: Company policy acknowledgement | F5: HR | G5: 46275 | H5: 46275 | I5: Completed | J5: =IF(OR(tblOnboarding[[#This Row],[Status]]="Completed",tblOnboarding[[#This Row],[Due Date]]=""),"No",IF(tblOnboarding[[#This Row],[Due Date]]<ReportDate,"Yes","No")) -> No | K5: =IF(tblOnboarding[[#This Row],[Overdue]]="Yes",ReportDate-tblOnboarding[[#This Row],[Due Date]],"") | L5: =IF(OR(tblOnboarding[[#This Row],[Status]]="Completed",tblOnboarding[[#This Row],[Due Date]]=""),"No",IF(AND(tblOnboarding[[#This Row],[Due Date]]>=ReportDate,tblOnboarding[[#This Row],[Due Date]]<=ReportDate+DueSoonDays),"Yes","No")) -> No
A6: OB-005 | B6: WBS-1033 | C6: =IFERROR(INDEX(tblEmployees[Employee Name],MATCH(tblOnboarding[[#This Row],[Employee ID]],tblEmployees[Employee ID],0)),"ID not found") -> Siddharth Agarwal | D6: =IFERROR(INDEX(tblEmployees[Department],MATCH(tblOnboarding[[#This Row],[Employee ID]],tblEmployees[Employee ID],0)),"") -> Information Technology | E6: HR orientation | F6: HR | G6: 46274 | H6: 46275 | I6: Completed | J6: =IF(OR(tblOnboarding[[#This Row],[Status]]="Completed",tblOnboarding[[#This Row],[Due Date]]=""),"No",IF(tblOnboarding[[#This Row],[Due Date]]<ReportDate,"Yes","No")) -> No | K6: =IF(tblOnboarding[[#This Row],[Overdue]]="Yes",ReportDate-tblOnboarding[[#This Row],[Due Date]],"") | L6: =IF(OR(tblOnboarding[[#This Row],[Status]]="Completed",tblOnboarding[[#This Row],[Due Date]]=""),"No",IF(AND(tblOnboarding[[#This Row],[Due Date]]>=ReportDate,tblOnboarding[[#This Row],[Due Date]]<=ReportDate+DueSoonDays),"Yes","No")) -> No
A7: OB-006 | B7: WBS-1033 | C7: =IFERROR(INDEX(tblEmployees[Employee Name],MATCH(tblOnboarding[[#This Row],[Employee ID]],tblEmployees[Employee ID],0)),"ID not found") -> Siddharth Agarwal | D7: =IFERROR(INDEX(tblEmployees[Department],MATCH(tblOnboarding[[#This Row],[Employee ID]],tblEmployees[Employee ID],0)),"") -> Information Technology | E7: Bank details submission | F7: Payroll | G7: 46279 | H7: 46282 | I7: Completed | J7: =IF(OR(tblOnboarding[[#This Row],[Status]]="Completed",tblOnboarding[[#This Row],[Due Date]]=""),"No",IF(tblOnboarding[[#This Row],[Due Date]]<ReportDate,"Yes","No")) -> No | K7: =IF(tblOnboarding[[#This Row],[Overdue]]="Yes",ReportDate-tblOnboarding[[#This Row],[Due Date]],"") | L7: =IF(OR(tblOnboarding[[#This Row],[Status]]="Completed",tblOnboarding[[#This Row],[Due Date]]=""),"No",IF(AND(tblOnboarding[[#This Row],[Due Date]]>=ReportDate,tblOnboarding[[#This Row],[Due Date]]<=ReportDate+DueSoonDays),"Yes","No")) -> No
A8: OB-007 | B8: WBS-1033 | C8: =IFERROR(INDEX(tblEmployees[Employee Name],MATCH(tblOnboarding[[#This Row],[Employee ID]],tblEmployees[Employee ID],0)),"ID not found") -> Siddharth Agarwal | D8: =IFERROR(INDEX(tblEmployees[Department],MATCH(tblOnboarding[[#This Row],[Employee ID]],tblEmployees[Employee ID],0)),"") -> Information Technology | E8: Department induction | F8: Reporting Manager | G8: 46279 | H8: 46282 | I8: Completed | J8: =IF(OR(tblOnboarding[[#This Row],[Status]]="Completed",tblOnboarding[[#This Row],[Due Date]]=""),"No",IF(tblOnboarding[[#This Row],[Due Date]]<ReportDate,"Yes","No")) -> No | K8: =IF(tblOnboarding[[#This Row],[Overdue]]="Yes",ReportDate-tblOnboarding[[#This Row],[Due Date]],"") | L8: =IF(OR(tblOnboarding[[#This Row],[Status]]="Completed",tblOnboarding[[#This Row],[Due Date]]=""),"No",IF(AND(tblOnboarding[[#This Row],[Due Date]]>=ReportDate,tblOnboarding[[#This Row],[Due Date]]<=ReportDate+DueSoonDays),"Yes","No")) -> No
A9: OB-008 | B9: WBS-1033 | C9: =IFERROR(INDEX(tblEmployees[Employee Name],MATCH(tblOnboarding[[#This Row],[Employee ID]],tblEmployees[Employee ID],0)),"ID not found") -> Siddharth Agarwal | D9: =IFERROR(INDEX(tblEmployees[Department],MATCH(tblOnboarding[[#This Row],[Employee ID]],tblEmployees[Employee ID],0)),"") -> Information Technology | E9: Education certificate verification | F9: HR | G9: 46286 | I9: In Progress | J9: =IF(OR(tblOnboarding[[#This Row],[Status]]="Completed",tblOnboarding[[#This Row],[Due Date]]=""),"No",IF(tblOnboarding[[#This Row],[Due Date]]<ReportDate,"Yes","No")) -> Yes | K9: =IF(tblOnboarding[[#This Row],[Overdue]]="Yes",ReportDate-tblOnboarding[[#This Row],[Due Date]],"") -> 25 | L9: =IF(OR(tblOnboarding[[#This Row],[Status]]="Completed",tblOnboarding[[#This Row],[Due Date]]=""),"No",IF(AND(tblOnboarding[[#This Row],[Due Date]]>=ReportDate,tblOnboarding[[#This Row],[Due Date]]<=ReportDate+DueSoonDays),"Yes","No")) -> No | M9: Sent to verification agency on 09-Oct; report awaited
A10: OB-009 | B10: WBS-1034 | C10: =IFERROR(INDEX(tblEmployees[Employee Name],MATCH(tblOnboarding[[#This Row],[Employee ID]],tblEmployees[Employee ID],0)),"ID not found") -> Karan Pawar | D10: =IFERROR(INDEX(tblEmployees[Department],MATCH(tblOnboarding[[#This Row],[Employee ID]],tblEmployees[Employee ID],0)),"") -> Sales | E10: Offer letter acknowledgement | F10: HR | G10: 46274 | H10: 46274 | I10: Completed | J10: =IF(OR(tblOnboarding[[#This Row],[Status]]="Completed",tblOnboarding[[#This Row],[Due Date]]=""),"No",IF(tblOnboarding[[#This Row],[Due Date]]<ReportDate,"Yes","No")) -> No | K10: =IF(tblOnboarding[[#This Row],[Overdue]]="Yes",ReportDate-tblOnboarding[[#This Row],[Due Date]],"") | L10: =IF(OR(tblOnboarding[[#This Row],[Status]]="Completed",tblOnboarding[[#This Row],[Due Date]]=""),"No",IF(AND(tblOnboarding[[#This Row],[Due Date]]>=ReportDate,tblOnboarding[[#This Row],[Due Date]]<=ReportDate+DueSoonDays),"Yes","No")) -> No
A11: OB-010 | B11: WBS-1034 | C11: =IFERROR(INDEX(tblEmployees[Employee Name],MATCH(tblOnboarding[[#This Row],[Employee ID]],tblEmployees[Employee ID],0)),"ID not found") -> Karan Pawar | D11: =IFERROR(INDEX(tblEmployees[Department],MATCH(tblOnboarding[[#This Row],[Employee ID]],tblEmployees[Employee ID],0)),"") -> Sales | E11: Identity document submission | F11: HR | G11: 46275 | I11: In Progress | J11: =IF(OR(tblOnboarding[[#This Row],[Status]]="Completed",tblOnboarding[[#This Row],[Due Date]]=""),"No",IF(tblOnboarding[[#This Row],[Due Date]]<ReportDate,"Yes","No")) -> Yes | K11: =IF(tblOnboarding[[#This Row],[Overdue]]="Yes",ReportDate-tblOnboarding[[#This Row],[Due Date]],"") -> 36 | L11: =IF(OR(tblOnboarding[[#This Row],[Status]]="Completed",tblOnboarding[[#This Row],[Due Date]]=""),"No",IF(AND(tblOnboarding[[#This Row],[Due Date]]>=ReportDate,tblOnboarding[[#This Row],[Due Date]]<=ReportDate+DueSoonDays),"Yes","No")) -> No | M11: Resubmission requested - name spelling differs from offer letter
A12: OB-011 | B12: WBS-1034 | C12: =IFERROR(INDEX(tblEmployees[Employee Name],MATCH(tblOnboarding[[#This Row],[Employee ID]],tblEmployees[Employee ID],0)),"ID not found") -> Karan Pawar | D12: =IFERROR(INDEX(tblEmployees[Department],MATCH(tblOnboarding[[#This Row],[Employee ID]],tblEmployees[Employee ID],0)),"") -> Sales | E12: IT account creation | F12: IT | G12: 46274 | H12: 46279 | I12: Completed | J12: =IF(OR(tblOnboarding[[#This Row],[Status]]="Completed",tblOnboarding[[#This Row],[Due Date]]=""),"No",IF(tblOnboarding[[#This Row],[Due Date]]<ReportDate,"Yes","No")) -> No | K12: =IF(tblOnboarding[[#This Row],[Overdue]]="Yes",ReportDate-tblOnboarding[[#This Row],[Due Date]],"") | L12: =IF(OR(tblOnboarding[[#This Row],[Status]]="Completed",tblOnboarding[[#This Row],[Due Date]]=""),"No",IF(AND(tblOnboarding[[#This Row],[Due Date]]>=ReportDate,tblOnboarding[[#This Row],[Due Date]]<=ReportDate+DueSoonDays),"Yes","No")) -> No
A13: OB-012 | B13: WBS-1034 | C13: =IFERROR(INDEX(tblEmployees[Employee Name],MATCH(tblOnboarding[[#This Row],[Employee ID]],tblEmployees[Employee ID],0)),"ID not found") -> Karan Pawar | D13: =IFERROR(INDEX(tblEmployees[Department],MATCH(tblOnboarding[[#This Row],[Employee ID]],tblEmployees[Employee ID],0)),"") -> Sales | E13: Company policy acknowledgement | F13: HR | G13: 46276 | H13: 46279 | I13: Completed | J13: =IF(OR(tblOnboarding[[#This Row],[Status]]="Completed",tblOnboarding[[#This Row],[Due Date]]=""),"No",IF(tblOnboarding[[#This Row],[Due Date]]<ReportDate,"Yes","No")) -> No | K13: =IF(tblOnboarding[[#This Row],[Overdue]]="Yes",ReportDate-tblOnboarding[[#This Row],[Due Date]],"") | L13: =IF(OR(tblOnboarding[[#This Row],[Status]]="Completed",tblOnboarding[[#This Row],[Due Date]]=""),"No",IF(AND(tblOnboarding[[#This Row],[Due Date]]>=ReportDate,tblOnboarding[[#This Row],[Due Date]]<=ReportDate+DueSoonDays),"Yes","No")) -> No | M13: Delayed - employee on leave
A14: OB-013 | B14: WBS-1034 | C14: =IFERROR(INDEX(tblEmployees[Employee Name],MATCH(tblOnboarding[[#This Row],[Employee ID]],tblEmployees[Employee ID],0)),"ID not found") -> Karan Pawar | D14: =IFERROR(INDEX(tblEmployees[Department],MATCH(tblOnboarding[[#This Row],[Employee ID]],tblEmployees[Employee ID],0)),"") -> Sales | E14: HR orientation | F14: HR | G14: 46275 | H14: 46279 | I14: Completed | J14: =IF(OR(tblOnboarding[[#This Row],[Status]]="Completed",tblOnboarding[[#This Row],[Due Date]]=""),"No",IF(tblOnboarding[[#This Row],[Due Date]]<ReportDate,"Yes","No")) -> No | K14: =IF(tblOnboarding[[#This Row],[Overdue]]="Yes",ReportDate-tblOnboarding[[#This Row],[Due Date]],"") | L14: =IF(OR(tblOnboarding[[#This Row],[Status]]="Completed",tblOnboarding[[#This Row],[Due Date]]=""),"No",IF(AND(tblOnboarding[[#This Row],[Due Date]]>=ReportDate,tblOnboarding[[#This Row],[Due Date]]<=ReportDate+DueSoonDays),"Yes","No")) -> No
A15: OB-014 | B15: WBS-1034 | C15: =IFERROR(INDEX(tblEmployees[Employee Name],MATCH(tblOnboarding[[#This Row],[Employee ID]],tblEmployees[Employee ID],0)),"ID not found") -> Karan Pawar | D15: =IFERROR(INDEX(tblEmployees[Department],MATCH(tblOnboarding[[#This Row],[Employee ID]],tblEmployees[Employee ID],0)),"") -> Sales | E15: Bank details submission | F15: Payroll | G15: 46279 | H15: 46281 | I15: Completed | J15: =IF(OR(tblOnboarding[[#This Row],[Status]]="Completed",tblOnboarding[[#This Row],[Due Date]]=""),"No",IF(tblOnboarding[[#This Row],[Due Date]]<ReportDate,"Yes","No")) -> No | K15: =IF(tblOnboarding[[#This Row],[Overdue]]="Yes",ReportDate-tblOnboarding[[#This Row],[Due Date]],"") | L15: =IF(OR(tblOnboarding[[#This Row],[Status]]="Completed",tblOnboarding[[#This Row],[Due Date]]=""),"No",IF(AND(tblOnboarding[[#This Row],[Due Date]]>=ReportDate,tblOnboarding[[#This Row],[Due Date]]<=ReportDate+DueSoonDays),"Yes","No")) -> No | M15: Completed after reminder
A16: OB-015 | B16: WBS-1034 | C16: =IFERROR(INDEX(tblEmployees[Employee Name],MATCH(tblOnboarding[[#This Row],[Employee ID]],tblEmployees[Employee ID],0)),"ID not found") -> Karan Pawar | D16: =IFERROR(INDEX(tblEmployees[Department],MATCH(tblOnboarding[[#This Row],[Employee ID]],tblEmployees[Employee ID],0)),"") -> Sales | E16: Department induction | F16: Reporting Manager | G16: 46280 | H16: 46282 | I16: Completed | J16: =IF(OR(tblOnboarding[[#This Row],[Status]]="Completed",tblOnboarding[[#This Row],[Due Date]]=""),"No",IF(tblOnboarding[[#This Row],[Due Date]]<ReportDate,"Yes","No")) -> No | K16: =IF(tblOnboarding[[#This Row],[Overdue]]="Yes",ReportDate-tblOnboarding[[#This Row],[Due Date]],"") | L16: =IF(OR(tblOnboarding[[#This Row],[Status]]="Completed",tblOnboarding[[#This Row],[Due Date]]=""),"No",IF(AND(tblOnboarding[[#This Row],[Due Date]]>=ReportDate,tblOnboarding[[#This Row],[Due Date]]<=ReportDate+DueSoonDays),"Yes","No")) -> No
A17: OB-016 | B17: WBS-1034 | C17: =IFERROR(INDEX(tblEmployees[Employee Name],MATCH(tblOnboarding[[#This Row],[Employee ID]],tblEmployees[Employee ID],0)),"ID not found") -> Karan Pawar | D17: =IFERROR(INDEX(tblEmployees[Department],MATCH(tblOnboarding[[#This Row],[Employee ID]],tblEmployees[Employee ID],0)),"") -> Sales | E17: Education certificate verification | F17: HR | G17: 46287 | H17: 46290 | I17: Completed | J17: =IF(OR(tblOnboarding[[#This Row],[Status]]="Completed",tblOnboarding[[#This Row],[Due Date]]=""),"No",IF(tblOnboarding[[#This Row],[Due Date]]<ReportDate,"Yes","No")) -> No | K17: =IF(tblOnboarding[[#This Row],[Overdue]]="Yes",ReportDate-tblOnboarding[[#This Row],[Due Date]],"") | L17: =IF(OR(tblOnboarding[[#This Row],[Status]]="Completed",tblOnboarding[[#This Row],[Due Date]]=""),"No",IF(AND(tblOnboarding[[#This Row],[Due Date]]>=ReportDate,tblOnboarding[[#This Row],[Due Date]]<=ReportDate+DueSoonDays),"Yes","No")) -> No
A18: OB-017 | B18: WBS-1035 | C18: =IFERROR(INDEX(tblEmployees[Employee Name],MATCH(tblOnboarding[[#This Row],[Employee ID]],tblEmployees[Employee ID],0)),"ID not found") -> Tushar Banerjee | D18: =IFERROR(INDEX(tblEmployees[Department],MATCH(tblOnboarding[[#This Row],[Employee ID]],tblEmployees[Employee ID],0)),"") -> Operations | E18: Offer letter acknowledgement | F18: HR | G18: 46280 | H18: 46280 | I18: Completed | J18: =IF(OR(tblOnboarding[[#This Row],[Status]]="Completed",tblOnboarding[[#This Row],[Due Date]]=""),"No",IF(tblOnboarding[[#This Row],[Due Date]]<ReportDate,"Yes","No")) -> No | K18: =IF(tblOnboarding[[#This Row],[Overdue]]="Yes",ReportDate-tblOnboarding[[#This Row],[Due Date]],"") | L18: =IF(OR(tblOnboarding[[#This Row],[Status]]="Completed",tblOnboarding[[#This Row],[Due Date]]=""),"No",IF(AND(tblOnboarding[[#This Row],[Due Date]]>=ReportDate,tblOnboarding[[#This Row],[Due Date]]<=ReportDate+DueSoonDays),"Yes","No")) -> No
A19: OB-018 | B19: WBS-1035 | C19: =IFERROR(INDEX(tblEmployees[Employee Name],MATCH(tblOnboarding[[#This Row],[Employee ID]],tblEmployees[Employee ID],0)),"ID not found") -> Tushar Banerjee | D19: =IFERROR(INDEX(tblEmployees[Department],MATCH(tblOnboarding[[#This Row],[Employee ID]],tblEmployees[Employee ID],0)),"") -> Operations | E19: Identity document submission | F19: HR | G19: 46281 | H19: 46286 | I19: Completed | J19: =IF(OR(tblOnboarding[[#This Row],[Status]]="Completed",tblOnboarding[[#This Row],[Due Date]]=""),"No",IF(tblOnboarding[[#This Row],[Due Date]]<ReportDate,"Yes","No")) -> No | K19: =IF(tblOnboarding[[#This Row],[Overdue]]="Yes",ReportDate-tblOnboarding[[#This Row],[Due Date]],"") | L19: =IF(OR(tblOnboarding[[#This Row],[Status]]="Completed",tblOnboarding[[#This Row],[Due Date]]=""),"No",IF(AND(tblOnboarding[[#This Row],[Due Date]]>=ReportDate,tblOnboarding[[#This Row],[Due Date]]<=ReportDate+DueSoonDays),"Yes","No")) -> No
A20: OB-019 | B20: WBS-1035 | C20: =IFERROR(INDEX(tblEmployees[Employee Name],MATCH(tblOnboarding[[#This Row],[Employee ID]],tblEmployees[Employee ID],0)),"ID not found") -> Tushar Banerjee | D20: =IFERROR(INDEX(tblEmployees[Department],MATCH(tblOnboarding[[#This Row],[Employee ID]],tblEmployees[Employee ID],0)),"") -> Operations | E20: IT account creation | F20: IT | G20: 46280 | H20: 46286 | I20: Completed | J20: =IF(OR(tblOnboarding[[#This Row],[Status]]="Completed",tblOnboarding[[#This Row],[Due Date]]=""),"No",IF(tblOnboarding[[#This Row],[Due Date]]<ReportDate,"Yes","No")) -> No | K20: =IF(tblOnboarding[[#This Row],[Overdue]]="Yes",ReportDate-tblOnboarding[[#This Row],[Due Date]],"") | L20: =IF(OR(tblOnboarding[[#This Row],[Status]]="Completed",tblOnboarding[[#This Row],[Due Date]]=""),"No",IF(AND(tblOnboarding[[#This Row],[Due Date]]>=ReportDate,tblOnboarding[[#This Row],[Due Date]]<=ReportDate+DueSoonDays),"Yes","No")) -> No
A21: OB-020 | B21: WBS-1035 | C21: =IFERROR(INDEX(tblEmployees[Employee Name],MATCH(tblOnboarding[[#This Row],[Employee ID]],tblEmployees[Employee ID],0)),"ID not found") -> Tushar Banerjee | D21: =IFERROR(INDEX(tblEmployees[Department],MATCH(tblOnboarding[[#This Row],[Employee ID]],tblEmployees[Employee ID],0)),"") -> Operations | E21: Company policy acknowledgement | F21: HR | G21: 46282 | H21: 46283 | I21: Completed | J21: =IF(OR(tblOnboarding[[#This Row],[Status]]="Completed",tblOnboarding[[#This Row],[Due Date]]=""),"No",IF(tblOnboarding[[#This Row],[Due Date]]<ReportDate,"Yes","No")) -> No | K21: =IF(tblOnboarding[[#This Row],[Overdue]]="Yes",ReportDate-tblOnboarding[[#This Row],[Due Date]],"") | L21: =IF(OR(tblOnboarding[[#This Row],[Status]]="Completed",tblOnboarding[[#This Row],[Due Date]]=""),"No",IF(AND(tblOnboarding[[#This Row],[Due Date]]>=ReportDate,tblOnboarding[[#This Row],[Due Date]]<=ReportDate+DueSoonDays),"Yes","No")) -> No | M21: Delayed - employee on leave
A22: OB-021 | B22: WBS-1035 | C22: =IFERROR(INDEX(tblEmployees[Employee Name],MATCH(tblOnboarding[[#This Row],[Employee ID]],tblEmployees[Employee ID],0)),"ID not found") -> Tushar Banerjee | D22: =IFERROR(INDEX(tblEmployees[Department],MATCH(tblOnboarding[[#This Row],[Employee ID]],tblEmployees[Employee ID],0)),"") -> Operations | E22: HR orientation | F22: HR | G22: 46281 | H22: 46282 | I22: Completed | J22: =IF(OR(tblOnboarding[[#This Row],[Status]]="Completed",tblOnboarding[[#This Row],[Due Date]]=""),"No",IF(tblOnboarding[[#This Row],[Due Date]]<ReportDate,"Yes","No")) -> No | K22: =IF(tblOnboarding[[#This Row],[Overdue]]="Yes",ReportDate-tblOnboarding[[#This Row],[Due Date]],"") | L22: =IF(OR(tblOnboarding[[#This Row],[Status]]="Completed",tblOnboarding[[#This Row],[Due Date]]=""),"No",IF(AND(tblOnboarding[[#This Row],[Due Date]]>=ReportDate,tblOnboarding[[#This Row],[Due Date]]<=ReportDate+DueSoonDays),"Yes","No")) -> No
A23: OB-022 | B23: WBS-1035 | C23: =IFERROR(INDEX(tblEmployees[Employee Name],MATCH(tblOnboarding[[#This Row],[Employee ID]],tblEmployees[Employee ID],0)),"ID not found") -> Tushar Banerjee | D23: =IFERROR(INDEX(tblEmployees[Department],MATCH(tblOnboarding[[#This Row],[Employee ID]],tblEmployees[Employee ID],0)),"") -> Operations | E23: Bank details submission | F23: Payroll | G23: 46286 | I23: Pending | J23: =IF(OR(tblOnboarding[[#This Row],[Status]]="Completed",tblOnboarding[[#This Row],[Due Date]]=""),"No",IF(tblOnboarding[[#This Row],[Due Date]]<ReportDate,"Yes","No")) -> Yes | K23: =IF(tblOnboarding[[#This Row],[Overdue]]="Yes",ReportDate-tblOnboarding[[#This Row],[Due Date]],"") -> 25 | L23: =IF(OR(tblOnboarding[[#This Row],[Status]]="Completed",tblOnboarding[[#This Row],[Due Date]]=""),"No",IF(AND(tblOnboarding[[#This Row],[Due Date]]>=ReportDate,tblOnboarding[[#This Row],[Due Date]]<=ReportDate+DueSoonDays),"Yes","No")) -> No | M23: Cancelled cheque not yet received - reminder sent 13-Oct
A24: OB-023 | B24: WBS-1035 | C24: =IFERROR(INDEX(tblEmployees[Employee Name],MATCH(tblOnboarding[[#This Row],[Employee ID]],tblEmployees[Employee ID],0)),"ID not found") -> Tushar Banerjee | D24: =IFERROR(INDEX(tblEmployees[Department],MATCH(tblOnboarding[[#This Row],[Employee ID]],tblEmployees[Employee ID],0)),"") -> Operations | E24: Department induction | F24: Reporting Manager | G24: 46286 | H24: 46287 | I24: Completed | J24: =IF(OR(tblOnboarding[[#This Row],[Status]]="Completed",tblOnboarding[[#This Row],[Due Date]]=""),"No",IF(tblOnboarding[[#This Row],[Due Date]]<ReportDate,"Yes","No")) -> No | K24: =IF(tblOnboarding[[#This Row],[Overdue]]="Yes",ReportDate-tblOnboarding[[#This Row],[Due Date]],"") | L24: =IF(OR(tblOnboarding[[#This Row],[Status]]="Completed",tblOnboarding[[#This Row],[Due Date]]=""),"No",IF(AND(tblOnboarding[[#This Row],[Due Date]]>=ReportDate,tblOnboarding[[#This Row],[Due Date]]<=ReportDate+DueSoonDays),"Yes","No")) -> No
A25: OB-024 | B25: WBS-1035 | C25: =IFERROR(INDEX(tblEmployees[Employee Name],MATCH(tblOnboarding[[#This Row],[Employee ID]],tblEmployees[Employee ID],0)),"ID not found") -> Tushar Banerjee | D25: =IFERROR(INDEX(tblEmployees[Department],MATCH(tblOnboarding[[#This Row],[Employee ID]],tblEmployees[Employee ID],0)),"") -> Operations | E25: Education certificate verification | F25: HR | G25: 46293 | H25: 46294 | I25: Completed | J25: =IF(OR(tblOnboarding[[#This Row],[Status]]="Completed",tblOnboarding[[#This Row],[Due Date]]=""),"No",IF(tblOnboarding[[#This Row],[Due Date]]<ReportDate,"Yes","No")) -> No | K25: =IF(tblOnboarding[[#This Row],[Overdue]]="Yes",ReportDate-tblOnboarding[[#This Row],[Due Date]],"") | L25: =IF(OR(tblOnboarding[[#This Row],[Status]]="Completed",tblOnboarding[[#This Row],[Due Date]]=""),"No",IF(AND(tblOnboarding[[#This Row],[Due Date]]>=ReportDate,tblOnboarding[[#This Row],[Due Date]]<=ReportDate+DueSoonDays),"Yes","No")) -> No
A26: OB-025 | B26: WBS-1036 | C26: =IFERROR(INDEX(tblEmployees[Employee Name],MATCH(tblOnboarding[[#This Row],[Employee ID]],tblEmployees[Employee ID],0)),"ID not found") -> Priya Kadam | D26: =IFERROR(INDEX(tblEmployees[Department],MATCH(tblOnboarding[[#This Row],[Employee ID]],tblEmployees[Employee ID],0)),"") -> Customer Support | E26: Offer letter acknowledgement | F26: HR | G26: 46280 | H26: 46279 | I26: Completed | J26: =IF(OR(tblOnboarding[[#This Row],[Status]]="Completed",tblOnboarding[[#This Row],[Due Date]]=""),"No",IF(tblOnboarding[[#This Row],[Due Date]]<ReportDate,"Yes","No")) -> No | K26: =IF(tblOnboarding[[#This Row],[Overdue]]="Yes",ReportDate-tblOnboarding[[#This Row],[Due Date]],"") | L26: =IF(OR(tblOnboarding[[#This Row],[Status]]="Completed",tblOnboarding[[#This Row],[Due Date]]=""),"No",IF(AND(tblOnboarding[[#This Row],[Due Date]]>=ReportDate,tblOnboarding[[#This Row],[Due Date]]<=ReportDate+DueSoonDays),"Yes","No")) -> No
A27: OB-026 | B27: WBS-1036 | C27: =IFERROR(INDEX(tblEmployees[Employee Name],MATCH(tblOnboarding[[#This Row],[Employee ID]],tblEmployees[Employee ID],0)),"ID not found") -> Priya Kadam | D27: =IFERROR(INDEX(tblEmployees[Department],MATCH(tblOnboarding[[#This Row],[Employee ID]],tblEmployees[Employee ID],0)),"") -> Customer Support | E27: Identity document submission | F27: HR | G27: 46281 | I27: Pending | J27: =IF(OR(tblOnboarding[[#This Row],[Status]]="Completed",tblOnboarding[[#This Row],[Due Date]]=""),"No",IF(tblOnboarding[[#This Row],[Due Date]]<ReportDate,"Yes","No")) -> Yes | K27: =IF(tblOnboarding[[#This Row],[Overdue]]="Yes",ReportDate-tblOnboarding[[#This Row],[Due Date]],"") -> 30 | L27: =IF(OR(tblOnboarding[[#This Row],[Status]]="Completed",tblOnboarding[[#This Row],[Due Date]]=""),"No",IF(AND(tblOnboarding[[#This Row],[Due Date]]>=ReportDate,tblOnboarding[[#This Row],[Due Date]]<=ReportDate+DueSoonDays),"Yes","No")) -> No
A28: OB-027 | B28: WBS-1036 | C28: =IFERROR(INDEX(tblEmployees[Employee Name],MATCH(tblOnboarding[[#This Row],[Employee ID]],tblEmployees[Employee ID],0)),"ID not found") -> Priya Kadam | D28: =IFERROR(INDEX(tblEmployees[Department],MATCH(tblOnboarding[[#This Row],[Employee ID]],tblEmployees[Employee ID],0)),"") -> Customer Support | E28: IT account creation | F28: IT | G28: 46280 | H28: 46280 | I28: Completed | J28: =IF(OR(tblOnboarding[[#This Row],[Status]]="Completed",tblOnboarding[[#This Row],[Due Date]]=""),"No",IF(tblOnboarding[[#This Row],[Due Date]]<ReportDate,"Yes","No")) -> No | K28: =IF(tblOnboarding[[#This Row],[Overdue]]="Yes",ReportDate-tblOnboarding[[#This Row],[Due Date]],"") | L28: =IF(OR(tblOnboarding[[#This Row],[Status]]="Completed",tblOnboarding[[#This Row],[Due Date]]=""),"No",IF(AND(tblOnboarding[[#This Row],[Due Date]]>=ReportDate,tblOnboarding[[#This Row],[Due Date]]<=ReportDate+DueSoonDays),"Yes","No")) -> No
A29: OB-028 | B29: WBS-1036 | C29: =IFERROR(INDEX(tblEmployees[Employee Name],MATCH(tblOnboarding[[#This Row],[Employee ID]],tblEmployees[Employee ID],0)),"ID not found") -> Priya Kadam | D29: =IFERROR(INDEX(tblEmployees[Department],MATCH(tblOnboarding[[#This Row],[Employee ID]],tblEmployees[Employee ID],0)),"") -> Customer Support | E29: Company policy acknowledgement | F29: HR | G29: 46282 | H29: 46281 | I29: Completed | J29: =IF(OR(tblOnboarding[[#This Row],[Status]]="Completed",tblOnboarding[[#This Row],[Due Date]]=""),"No",IF(tblOnboarding[[#This Row],[Due Date]]<ReportDate,"Yes","No")) -> No | K29: =IF(tblOnboarding[[#This Row],[Overdue]]="Yes",ReportDate-tblOnboarding[[#This Row],[Due Date]],"") | L29: =IF(OR(tblOnboarding[[#This Row],[Status]]="Completed",tblOnboarding[[#This Row],[Due Date]]=""),"No",IF(AND(tblOnboarding[[#This Row],[Due Date]]>=ReportDate,tblOnboarding[[#This Row],[Due Date]]<=ReportDate+DueSoonDays),"Yes","No")) -> No
A30: OB-029 | B30: WBS-1036 | C30: =IFERROR(INDEX(tblEmployees[Employee Name],MATCH(tblOnboarding[[#This Row],[Employee ID]],tblEmployees[Employee ID],0)),"ID not found") -> Priya Kadam | D30: =IFERROR(INDEX(tblEmployees[Department],MATCH(tblOnboarding[[#This Row],[Employee ID]],tblEmployees[Employee ID],0)),"") -> Customer Support | E30: HR orientation | F30: HR | G30: 46281 | H30: 46283 | I30: Completed | J30: =IF(OR(tblOnboarding[[#This Row],[Status]]="Completed",tblOnboarding[[#This Row],[Due Date]]=""),"No",IF(tblOnboarding[[#This Row],[Due Date]]<ReportDate,"Yes","No")) -> No | K30: =IF(tblOnboarding[[#This Row],[Overdue]]="Yes",ReportDate-tblOnboarding[[#This Row],[Due Date]],"") | L30: =IF(OR(tblOnboarding[[#This Row],[Status]]="Completed",tblOnboarding[[#This Row],[Due Date]]=""),"No",IF(AND(tblOnboarding[[#This Row],[Due Date]]>=ReportDate,tblOnboarding[[#This Row],[Due Date]]<=ReportDate+DueSoonDays),"Yes","No")) -> No | M30: Completed after reminder
A31: OB-030 | B31: WBS-1036 | C31: =IFERROR(INDEX(tblEmployees[Employee Name],MATCH(tblOnboarding[[#This Row],[Employee ID]],tblEmployees[Employee ID],0)),"ID not found") -> Priya Kadam | D31: =IFERROR(INDEX(tblEmployees[Department],MATCH(tblOnboarding[[#This Row],[Employee ID]],tblEmployees[Employee ID],0)),"") -> Customer Support | E31: Bank details submission | F31: Payroll | G31: 46286 | I31: Pending | J31: =IF(OR(tblOnboarding[[#This Row],[Status]]="Completed",tblOnboarding[[#This Row],[Due Date]]=""),"No",IF(tblOnboarding[[#This Row],[Due Date]]<ReportDate,"Yes","No")) -> Yes | K31: =IF(tblOnboarding[[#This Row],[Overdue]]="Yes",ReportDate-tblOnboarding[[#This Row],[Due Date]],"") -> 25 | L31: =IF(OR(tblOnboarding[[#This Row],[Status]]="Completed",tblOnboarding[[#This Row],[Due Date]]=""),"No",IF(AND(tblOnboarding[[#This Row],[Due Date]]>=ReportDate,tblOnboarding[[#This Row],[Due Date]]<=ReportDate+DueSoonDays),"Yes","No")) -> No | M31: Cancelled cheque not yet received - reminder sent 15-Oct
A32: OB-031 | B32: WBS-1036 | C32: =IFERROR(INDEX(tblEmployees[Employee Name],MATCH(tblOnboarding[[#This Row],[Employee ID]],tblEmployees[Employee ID],0)),"ID not found") -> Priya Kadam | D32: =IFERROR(INDEX(tblEmployees[Department],MATCH(tblOnboarding[[#This Row],[Employee ID]],tblEmployees[Employee ID],0)),"") -> Customer Support | E32: Department induction | F32: Reporting Manager | G32: 46286 | H32: 46286 | I32: Completed | J32: =IF(OR(tblOnboarding[[#This Row],[Status]]="Completed",tblOnboarding[[#This Row],[Due Date]]=""),"No",IF(tblOnboarding[[#This Row],[Due Date]]<ReportDate,"Yes","No")) -> No | K32: =IF(tblOnboarding[[#This Row],[Overdue]]="Yes",ReportDate-tblOnboarding[[#This Row],[Due Date]],"") | L32: =IF(OR(tblOnboarding[[#This Row],[Status]]="Completed",tblOnboarding[[#This Row],[Due Date]]=""),"No",IF(AND(tblOnboarding[[#This Row],[Due Date]]>=ReportDate,tblOnboarding[[#This Row],[Due Date]]<=ReportDate+DueSoonDays),"Yes","No")) -> No
A33: OB-032 | B33: WBS-1036 | C33: =IFERROR(INDEX(tblEmployees[Employee Name],MATCH(tblOnboarding[[#This Row],[Employee ID]],tblEmployees[Employee ID],0)),"ID not found") -> Priya Kadam | D33: =IFERROR(INDEX(tblEmployees[Department],MATCH(tblOnboarding[[#This Row],[Employee ID]],tblEmployees[Employee ID],0)),"") -> Customer Support | E33: Education certificate verification | F33: HR | G33: 46293 | I33: Pending | J33: =IF(OR(tblOnboarding[[#This Row],[Status]]="Completed",tblOnboarding[[#This Row],[Due Date]]=""),"No",IF(tblOnboarding[[#This Row],[Due Date]]<ReportDate,"Yes","No")) -> Yes | K33: =IF(tblOnboarding[[#This Row],[Overdue]]="Yes",ReportDate-tblOnboarding[[#This Row],[Due Date]],"") -> 18 | L33: =IF(OR(tblOnboarding[[#This Row],[Status]]="Completed",tblOnboarding[[#This Row],[Due Date]]=""),"No",IF(AND(tblOnboarding[[#This Row],[Due Date]]>=ReportDate,tblOnboarding[[#This Row],[Due Date]]<=ReportDate+DueSoonDays),"Yes","No")) -> No | M33: Degree certificate copy awaited from employee
A34: OB-033 | B34: WBS-1037 | C34: =IFERROR(INDEX(tblEmployees[Employee Name],MATCH(tblOnboarding[[#This Row],[Employee ID]],tblEmployees[Employee ID],0)),"ID not found") -> Pooja Thakur | D34: =IFERROR(INDEX(tblEmployees[Department],MATCH(tblOnboarding[[#This Row],[Employee ID]],tblEmployees[Employee ID],0)),"") -> Operations | E34: Offer letter acknowledgement | F34: HR | G34: 46282 | H34: 46286 | I34: Completed | J34: =IF(OR(tblOnboarding[[#This Row],[Status]]="Completed",tblOnboarding[[#This Row],[Due Date]]=""),"No",IF(tblOnboarding[[#This Row],[Due Date]]<ReportDate,"Yes","No")) -> No | K34: =IF(tblOnboarding[[#This Row],[Overdue]]="Yes",ReportDate-tblOnboarding[[#This Row],[Due Date]],"") | L34: =IF(OR(tblOnboarding[[#This Row],[Status]]="Completed",tblOnboarding[[#This Row],[Due Date]]=""),"No",IF(AND(tblOnboarding[[#This Row],[Due Date]]>=ReportDate,tblOnboarding[[#This Row],[Due Date]]<=ReportDate+DueSoonDays),"Yes","No")) -> No
A35: OB-034 | B35: WBS-1037 | C35: =IFERROR(INDEX(tblEmployees[Employee Name],MATCH(tblOnboarding[[#This Row],[Employee ID]],tblEmployees[Employee ID],0)),"ID not found") -> Pooja Thakur | D35: =IFERROR(INDEX(tblEmployees[Department],MATCH(tblOnboarding[[#This Row],[Employee ID]],tblEmployees[Employee ID],0)),"") -> Operations | E35: Identity document submission | F35: HR | G35: 46283 | H35: 46283 | I35: Completed | J35: =IF(OR(tblOnboarding[[#This Row],[Status]]="Completed",tblOnboarding[[#This Row],[Due Date]]=""),"No",IF(tblOnboarding[[#This Row],[Due Date]]<ReportDate,"Yes","No")) -> No | K35: =IF(tblOnboarding[[#This Row],[Overdue]]="Yes",ReportDate-tblOnboarding[[#This Row],[Due Date]],"") | L35: =IF(OR(tblOnboarding[[#This Row],[Status]]="Completed",tblOnboarding[[#This Row],[Due Date]]=""),"No",IF(AND(tblOnboarding[[#This Row],[Due Date]]>=ReportDate,tblOnboarding[[#This Row],[Due Date]]<=ReportDate+DueSoonDays),"Yes","No")) -> No
A36: OB-035 | B36: WBS-1037 | C36: =IFERROR(INDEX(tblEmployees[Employee Name],MATCH(tblOnboarding[[#This Row],[Employee ID]],tblEmployees[Employee ID],0)),"ID not found") -> Pooja Thakur | D36: =IFERROR(INDEX(tblEmployees[Department],MATCH(tblOnboarding[[#This Row],[Employee ID]],tblEmployees[Employee ID],0)),"") -> Operations | E36: IT account creation | F36: IT | G36: 46282 | H36: 46282 | I36: Completed | J36: =IF(OR(tblOnboarding[[#This Row],[Status]]="Completed",tblOnboarding[[#This Row],[Due Date]]=""),"No",IF(tblOnboarding[[#This Row],[Due Date]]<ReportDate,"Yes","No")) -> No | K36: =IF(tblOnboarding[[#This Row],[Overdue]]="Yes",ReportDate-tblOnboarding[[#This Row],[Due Date]],"") | L36: =IF(OR(tblOnboarding[[#This Row],[Status]]="Completed",tblOnboarding[[#This Row],[Due Date]]=""),"No",IF(AND(tblOnboarding[[#This Row],[Due Date]]>=ReportDate,tblOnboarding[[#This Row],[Due Date]]<=ReportDate+DueSoonDays),"Yes","No")) -> No
A37: OB-036 | B37: WBS-1037 | C37: =IFERROR(INDEX(tblEmployees[Employee Name],MATCH(tblOnboarding[[#This Row],[Employee ID]],tblEmployees[Employee ID],0)),"ID not found") -> Pooja Thakur | D37: =IFERROR(INDEX(tblEmployees[Department],MATCH(tblOnboarding[[#This Row],[Employee ID]],tblEmployees[Employee ID],0)),"") -> Operations | E37: Company policy acknowledgement | F37: HR | G37: 46286 | H37: 46287 | I37: Completed | J37: =IF(OR(tblOnboarding[[#This Row],[Status]]="Completed",tblOnboarding[[#This Row],[Due Date]]=""),"No",IF(tblOnboarding[[#This Row],[Due Date]]<ReportDate,"Yes","No")) -> No | K37: =IF(tblOnboarding[[#This Row],[Overdue]]="Yes",ReportDate-tblOnboarding[[#This Row],[Due Date]],"") | L37: =IF(OR(tblOnboarding[[#This Row],[Status]]="Completed",tblOnboarding[[#This Row],[Due Date]]=""),"No",IF(AND(tblOnboarding[[#This Row],[Due Date]]>=ReportDate,tblOnboarding[[#This Row],[Due Date]]<=ReportDate+DueSoonDays),"Yes","No")) -> No
A38: OB-037 | B38: WBS-1037 | C38: =IFERROR(INDEX(tblEmployees[Employee Name],MATCH(tblOnboarding[[#This Row],[Employee ID]],tblEmployees[Employee ID],0)),"ID not found") -> Pooja Thakur | D38: =IFERROR(INDEX(tblEmployees[Department],MATCH(tblOnboarding[[#This Row],[Employee ID]],tblEmployees[Employee ID],0)),"") -> Operations | E38: HR orientation | F38: HR | G38: 46283 | H38: 46283 | I38: Completed | J38: =IF(OR(tblOnboarding[[#This Row],[Status]]="Completed",tblOnboarding[[#This Row],[Due Date]]=""),"No",IF(tblOnboarding[[#This Row],[Due Date]]<ReportDate,"Yes","No")) -> No | K38: =IF(tblOnboarding[[#This Row],[Overdue]]="Yes",ReportDate-tblOnboarding[[#This Row],[Due Date]],"") | L38: =IF(OR(tblOnboarding[[#This Row],[Status]]="Completed",tblOnboarding[[#This Row],[Due Date]]=""),"No",IF(AND(tblOnboarding[[#This Row],[Due Date]]>=ReportDate,tblOnboarding[[#This Row],[Due Date]]<=ReportDate+DueSoonDays),"Yes","No")) -> No
A39: OB-038 | B39: WBS-1037 | C39: =IFERROR(INDEX(tblEmployees[Employee Name],MATCH(tblOnboarding[[#This Row],[Employee ID]],tblEmployees[Employee ID],0)),"ID not found") -> Pooja Thakur | D39: =IFERROR(INDEX(tblEmployees[Department],MATCH(tblOnboarding[[#This Row],[Employee ID]],tblEmployees[Employee ID],0)),"") -> Operations | E39: Bank details submission | F39: Payroll | G39: 46286 | H39: 46287 | I39: Completed | J39: =IF(OR(tblOnboarding[[#This Row],[Status]]="Completed",tblOnboarding[[#This Row],[Due Date]]=""),"No",IF(tblOnboarding[[#This Row],[Due Date]]<ReportDate,"Yes","No")) -> No | K39: =IF(tblOnboarding[[#This Row],[Overdue]]="Yes",ReportDate-tblOnboarding[[#This Row],[Due Date]],"") | L39: =IF(OR(tblOnboarding[[#This Row],[Status]]="Completed",tblOnboarding[[#This Row],[Due Date]]=""),"No",IF(AND(tblOnboarding[[#This Row],[Due Date]]>=ReportDate,tblOnboarding[[#This Row],[Due Date]]<=ReportDate+DueSoonDays),"Yes","No")) -> No
A40: OB-039 | B40: WBS-1037 | C40: =IFERROR(INDEX(tblEmployees[Employee Name],MATCH(tblOnboarding[[#This Row],[Employee ID]],tblEmployees[Employee ID],0)),"ID not found") -> Pooja Thakur | D40: =IFERROR(INDEX(tblEmployees[Department],MATCH(tblOnboarding[[#This Row],[Employee ID]],tblEmployees[Employee ID],0)),"") -> Operations | E40: Department induction | F40: Reporting Manager | G40: 46288 | H40: 46293 | I40: Completed | J40: =IF(OR(tblOnboarding[[#This Row],[Status]]="Completed",tblOnboarding[[#This Row],[Due Date]]=""),"No",IF(tblOnboarding[[#This Row],[Due Date]]<ReportDate,"Yes","No")) -> No | K40: =IF(tblOnboarding[[#This Row],[Overdue]]="Yes",ReportDate-tblOnboarding[[#This Row],[Due Date]],"") | L40: =IF(OR(tblOnboarding[[#This Row],[Status]]="Completed",tblOnboarding[[#This Row],[Due Date]]=""),"No",IF(AND(tblOnboarding[[#This Row],[Due Date]]>=ReportDate,tblOnboarding[[#This Row],[Due Date]]<=ReportDate+DueSoonDays),"Yes","No")) -> No
A41: OB-040 | B41: WBS-1037 | C41: =IFERROR(INDEX(tblEmployees[Employee Name],MATCH(tblOnboarding[[#This Row],[Employee ID]],tblEmployees[Employee ID],0)),"ID not found") -> Pooja Thakur | D41: =IFERROR(INDEX(tblEmployees[Department],MATCH(tblOnboarding[[#This Row],[Employee ID]],tblEmployees[Employee ID],0)),"") -> Operations | E41: Education certificate verification | F41: HR | G41: 46295 | I41: In Progress | J41: =IF(OR(tblOnboarding[[#This Row],[Status]]="Completed",tblOnboarding[[#This Row],[Due Date]]=""),"No",IF(tblOnboarding[[#This Row],[Due Date]]<ReportDate,"Yes","No")) -> Yes | K41: =IF(tblOnboarding[[#This Row],[Overdue]]="Yes",ReportDate-tblOnboarding[[#This Row],[Due Date]],"") -> 16 | L41: =IF(OR(tblOnboarding[[#This Row],[Status]]="Completed",tblOnboarding[[#This Row],[Due Date]]=""),"No",IF(AND(tblOnboarding[[#This Row],[Due Date]]>=ReportDate,tblOnboarding[[#This Row],[Due Date]]<=ReportDate+DueSoonDays),"Yes","No")) -> No | M41: Sent to verification agency on 14-Oct; report awaited
A42: OB-041 | B42: WBS-1038 | C42: =IFERROR(INDEX(tblEmployees[Employee Name],MATCH(tblOnboarding[[#This Row],[Employee ID]],tblEmployees[Employee ID],0)),"ID not found") -> Vaishnavi Pillai | D42: =IFERROR(INDEX(tblEmployees[Department],MATCH(tblOnboarding[[#This Row],[Employee ID]],tblEmployees[Employee ID],0)),"") -> Customer Support | E42: Offer letter acknowledgement | F42: HR | G42: 46287 | H42: 46289 | I42: Completed | J42: =IF(OR(tblOnboarding[[#This Row],[Status]]="Completed",tblOnboarding[[#This Row],[Due Date]]=""),"No",IF(tblOnboarding[[#This Row],[Due Date]]<ReportDate,"Yes","No")) -> No | K42: =IF(tblOnboarding[[#This Row],[Overdue]]="Yes",ReportDate-tblOnboarding[[#This Row],[Due Date]],"") | L42: =IF(OR(tblOnboarding[[#This Row],[Status]]="Completed",tblOnboarding[[#This Row],[Due Date]]=""),"No",IF(AND(tblOnboarding[[#This Row],[Due Date]]>=ReportDate,tblOnboarding[[#This Row],[Due Date]]<=ReportDate+DueSoonDays),"Yes","No")) -> No | M42: Completed after reminder
A43: OB-042 | B43: WBS-1038 | C43: =IFERROR(INDEX(tblEmployees[Employee Name],MATCH(tblOnboarding[[#This Row],[Employee ID]],tblEmployees[Employee ID],0)),"ID not found") -> Vaishnavi Pillai | D43: =IFERROR(INDEX(tblEmployees[Department],MATCH(tblOnboarding[[#This Row],[Employee ID]],tblEmployees[Employee ID],0)),"") -> Customer Support | E43: Identity document submission | F43: HR | G43: 46288 | H43: 46293 | I43: Completed | J43: =IF(OR(tblOnboarding[[#This Row],[Status]]="Completed",tblOnboarding[[#This Row],[Due Date]]=""),"No",IF(tblOnboarding[[#This Row],[Due Date]]<ReportDate,"Yes","No")) -> No | K43: =IF(tblOnboarding[[#This Row],[Overdue]]="Yes",ReportDate-tblOnboarding[[#This Row],[Due Date]],"") | L43: =IF(OR(tblOnboarding[[#This Row],[Status]]="Completed",tblOnboarding[[#This Row],[Due Date]]=""),"No",IF(AND(tblOnboarding[[#This Row],[Due Date]]>=ReportDate,tblOnboarding[[#This Row],[Due Date]]<=ReportDate+DueSoonDays),"Yes","No")) -> No
A44: OB-043 | B44: WBS-1038 | C44: =IFERROR(INDEX(tblEmployees[Employee Name],MATCH(tblOnboarding[[#This Row],[Employee ID]],tblEmployees[Employee ID],0)),"ID not found") -> Vaishnavi Pillai | D44: =IFERROR(INDEX(tblEmployees[Department],MATCH(tblOnboarding[[#This Row],[Employee ID]],tblEmployees[Employee ID],0)),"") -> Customer Support | E44: IT account creation | F44: IT | G44: 46287 | H44: 46287 | I44: Completed | J44: =IF(OR(tblOnboarding[[#This Row],[Status]]="Completed",tblOnboarding[[#This Row],[Due Date]]=""),"No",IF(tblOnboarding[[#This Row],[Due Date]]<ReportDate,"Yes","No")) -> No | K44: =IF(tblOnboarding[[#This Row],[Overdue]]="Yes",ReportDate-tblOnboarding[[#This Row],[Due Date]],"") | L44: =IF(OR(tblOnboarding[[#This Row],[Status]]="Completed",tblOnboarding[[#This Row],[Due Date]]=""),"No",IF(AND(tblOnboarding[[#This Row],[Due Date]]>=ReportDate,tblOnboarding[[#This Row],[Due Date]]<=ReportDate+DueSoonDays),"Yes","No")) -> No
A45: OB-044 | B45: WBS-1038 | C45: =IFERROR(INDEX(tblEmployees[Employee Name],MATCH(tblOnboarding[[#This Row],[Employee ID]],tblEmployees[Employee ID],0)),"ID not found") -> Vaishnavi Pillai | D45: =IFERROR(INDEX(tblEmployees[Department],MATCH(tblOnboarding[[#This Row],[Employee ID]],tblEmployees[Employee ID],0)),"") -> Customer Support | E45: Company policy acknowledgement | F45: HR | G45: 46289 | I45: In Progress | J45: =IF(OR(tblOnboarding[[#This Row],[Status]]="Completed",tblOnboarding[[#This Row],[Due Date]]=""),"No",IF(tblOnboarding[[#This Row],[Due Date]]<ReportDate,"Yes","No")) -> Yes | K45: =IF(tblOnboarding[[#This Row],[Overdue]]="Yes",ReportDate-tblOnboarding[[#This Row],[Due Date]],"") -> 22 | L45: =IF(OR(tblOnboarding[[#This Row],[Status]]="Completed",tblOnboarding[[#This Row],[Due Date]]=""),"No",IF(AND(tblOnboarding[[#This Row],[Due Date]]>=ReportDate,tblOnboarding[[#This Row],[Due Date]]<=ReportDate+DueSoonDays),"Yes","No")) -> No | M45: Employee reminded 09-Oct
A46: OB-045 | B46: WBS-1038 | C46: =IFERROR(INDEX(tblEmployees[Employee Name],MATCH(tblOnboarding[[#This Row],[Employee ID]],tblEmployees[Employee ID],0)),"ID not found") -> Vaishnavi Pillai | D46: =IFERROR(INDEX(tblEmployees[Department],MATCH(tblOnboarding[[#This Row],[Employee ID]],tblEmployees[Employee ID],0)),"") -> Customer Support | E46: HR orientation | F46: HR | G46: 46288 | H46: 46288 | I46: Completed | J46: =IF(OR(tblOnboarding[[#This Row],[Status]]="Completed",tblOnboarding[[#This Row],[Due Date]]=""),"No",IF(tblOnboarding[[#This Row],[Due Date]]<ReportDate,"Yes","No")) -> No | K46: =IF(tblOnboarding[[#This Row],[Overdue]]="Yes",ReportDate-tblOnboarding[[#This Row],[Due Date]],"") | L46: =IF(OR(tblOnboarding[[#This Row],[Status]]="Completed",tblOnboarding[[#This Row],[Due Date]]=""),"No",IF(AND(tblOnboarding[[#This Row],[Due Date]]>=ReportDate,tblOnboarding[[#This Row],[Due Date]]<=ReportDate+DueSoonDays),"Yes","No")) -> No
A47: OB-046 | B47: WBS-1038 | C47: =IFERROR(INDEX(tblEmployees[Employee Name],MATCH(tblOnboarding[[#This Row],[Employee ID]],tblEmployees[Employee ID],0)),"ID not found") -> Vaishnavi Pillai | D47: =IFERROR(INDEX(tblEmployees[Department],MATCH(tblOnboarding[[#This Row],[Employee ID]],tblEmployees[Employee ID],0)),"") -> Customer Support | E47: Bank details submission | F47: Payroll | G47: 46293 | H47: 46293 | I47: Completed | J47: =IF(OR(tblOnboarding[[#This Row],[Status]]="Completed",tblOnboarding[[#This Row],[Due Date]]=""),"No",IF(tblOnboarding[[#This Row],[Due Date]]<ReportDate,"Yes","No")) -> No | K47: =IF(tblOnboarding[[#This Row],[Overdue]]="Yes",ReportDate-tblOnboarding[[#This Row],[Due Date]],"") | L47: =IF(OR(tblOnboarding[[#This Row],[Status]]="Completed",tblOnboarding[[#This Row],[Due Date]]=""),"No",IF(AND(tblOnboarding[[#This Row],[Due Date]]>=ReportDate,tblOnboarding[[#This Row],[Due Date]]<=ReportDate+DueSoonDays),"Yes","No")) -> No
A48: OB-047 | B48: WBS-1038 | C48: =IFERROR(INDEX(tblEmployees[Employee Name],MATCH(tblOnboarding[[#This Row],[Employee ID]],tblEmployees[Employee ID],0)),"ID not found") -> Vaishnavi Pillai | D48: =IFERROR(INDEX(tblEmployees[Department],MATCH(tblOnboarding[[#This Row],[Employee ID]],tblEmployees[Employee ID],0)),"") -> Customer Support | E48: Department induction | F48: Reporting Manager | G48: 46293 | H48: 46296 | I48: Completed | J48: =IF(OR(tblOnboarding[[#This Row],[Status]]="Completed",tblOnboarding[[#This Row],[Due Date]]=""),"No",IF(tblOnboarding[[#This Row],[Due Date]]<ReportDate,"Yes","No")) -> No | K48: =IF(tblOnboarding[[#This Row],[Overdue]]="Yes",ReportDate-tblOnboarding[[#This Row],[Due Date]],"") | L48: =IF(OR(tblOnboarding[[#This Row],[Status]]="Completed",tblOnboarding[[#This Row],[Due Date]]=""),"No",IF(AND(tblOnboarding[[#This Row],[Due Date]]>=ReportDate,tblOnboarding[[#This Row],[Due Date]]<=ReportDate+DueSoonDays),"Yes","No")) -> No
A49: OB-048 | B49: WBS-1038 | C49: =IFERROR(INDEX(tblEmployees[Employee Name],MATCH(tblOnboarding[[#This Row],[Employee ID]],tblEmployees[Employee ID],0)),"ID not found") -> Vaishnavi Pillai | D49: =IFERROR(INDEX(tblEmployees[Department],MATCH(tblOnboarding[[#This Row],[Employee ID]],tblEmployees[Employee ID],0)),"") -> Customer Support | E49: Education certificate verification | F49: HR | G49: 46300 | I49: In Progress | J49: =IF(OR(tblOnboarding[[#This Row],[Status]]="Completed",tblOnboarding[[#This Row],[Due Date]]=""),"No",IF(tblOnboarding[[#This Row],[Due Date]]<ReportDate,"Yes","No")) -> Yes | K49: =IF(tblOnboarding[[#This Row],[Overdue]]="Yes",ReportDate-tblOnboarding[[#This Row],[Due Date]],"") -> 11 | L49: =IF(OR(tblOnboarding[[#This Row],[Status]]="Completed",tblOnboarding[[#This Row],[Due Date]]=""),"No",IF(AND(tblOnboarding[[#This Row],[Due Date]]>=ReportDate,tblOnboarding[[#This Row],[Due Date]]<=ReportDate+DueSoonDays),"Yes","No")) -> No | M49: Degree certificate copy awaited from employee
A50: OB-049 | B50: WBS-1039 | C50: =IFERROR(INDEX(tblEmployees[Employee Name],MATCH(tblOnboarding[[#This Row],[Employee ID]],tblEmployees[Employee ID],0)),"ID not found") -> Manoj Nair | D50: =IFERROR(INDEX(tblEmployees[Department],MATCH(tblOnboarding[[#This Row],[Employee ID]],tblEmployees[Employee ID],0)),"") -> Information Technology | E50: Offer letter acknowledgement | F50: HR | G50: 46287 | H50: 46293 | I50: Completed | J50: =IF(OR(tblOnboarding[[#This Row],[Status]]="Completed",tblOnboarding[[#This Row],[Due Date]]=""),"No",IF(tblOnboarding[[#This Row],[Due Date]]<ReportDate,"Yes","No")) -> No | K50: =IF(tblOnboarding[[#This Row],[Overdue]]="Yes",ReportDate-tblOnboarding[[#This Row],[Due Date]],"") | L50: =IF(OR(tblOnboarding[[#This Row],[Status]]="Completed",tblOnboarding[[#This Row],[Due Date]]=""),"No",IF(AND(tblOnboarding[[#This Row],[Due Date]]>=ReportDate,tblOnboarding[[#This Row],[Due Date]]<=ReportDate+DueSoonDays),"Yes","No")) -> No
A51: OB-050 | B51: WBS-1039 | C51: =IFERROR(INDEX(tblEmployees[Employee Name],MATCH(tblOnboarding[[#This Row],[Employee ID]],tblEmployees[Employee ID],0)),"ID not found") -> Manoj Nair | D51: =IFERROR(INDEX(tblEmployees[Department],MATCH(tblOnboarding[[#This Row],[Employee ID]],tblEmployees[Employee ID],0)),"") -> Information Technology | E51: Identity document submission | F51: HR | G51: 46288 | H51: 46288 | I51: Completed | J51: =IF(OR(tblOnboarding[[#This Row],[Status]]="Completed",tblOnboarding[[#This Row],[Due Date]]=""),"No",IF(tblOnboarding[[#This Row],[Due Date]]<ReportDate,"Yes","No")) -> No | K51: =IF(tblOnboarding[[#This Row],[Overdue]]="Yes",ReportDate-tblOnboarding[[#This Row],[Due Date]],"") | L51: =IF(OR(tblOnboarding[[#This Row],[Status]]="Completed",tblOnboarding[[#This Row],[Due Date]]=""),"No",IF(AND(tblOnboarding[[#This Row],[Due Date]]>=ReportDate,tblOnboarding[[#This Row],[Due Date]]<=ReportDate+DueSoonDays),"Yes","No")) -> No
A52: OB-051 | B52: WBS-1039 | C52: =IFERROR(INDEX(tblEmployees[Employee Name],MATCH(tblOnboarding[[#This Row],[Employee ID]],tblEmployees[Employee ID],0)),"ID not found") -> Manoj Nair | D52: =IFERROR(INDEX(tblEmployees[Department],MATCH(tblOnboarding[[#This Row],[Employee ID]],tblEmployees[Employee ID],0)),"") -> Information Technology | E52: IT account creation | F52: IT | G52: 46287 | H52: 46290 | I52: Completed | J52: =IF(OR(tblOnboarding[[#This Row],[Status]]="Completed",tblOnboarding[[#This Row],[Due Date]]=""),"No",IF(tblOnboarding[[#This Row],[Due Date]]<ReportDate,"Yes","No")) -> No | K52: =IF(tblOnboarding[[#This Row],[Overdue]]="Yes",ReportDate-tblOnboarding[[#This Row],[Due Date]],"") | L52: =IF(OR(tblOnboarding[[#This Row],[Status]]="Completed",tblOnboarding[[#This Row],[Due Date]]=""),"No",IF(AND(tblOnboarding[[#This Row],[Due Date]]>=ReportDate,tblOnboarding[[#This Row],[Due Date]]<=ReportDate+DueSoonDays),"Yes","No")) -> No | M52: Completed after reminder
A53: OB-052 | B53: WBS-1039 | C53: =IFERROR(INDEX(tblEmployees[Employee Name],MATCH(tblOnboarding[[#This Row],[Employee ID]],tblEmployees[Employee ID],0)),"ID not found") -> Manoj Nair | D53: =IFERROR(INDEX(tblEmployees[Department],MATCH(tblOnboarding[[#This Row],[Employee ID]],tblEmployees[Employee ID],0)),"") -> Information Technology | E53: Company policy acknowledgement | F53: HR | G53: 46289 | H53: 46288 | I53: Completed | J53: =IF(OR(tblOnboarding[[#This Row],[Status]]="Completed",tblOnboarding[[#This Row],[Due Date]]=""),"No",IF(tblOnboarding[[#This Row],[Due Date]]<ReportDate,"Yes","No")) -> No | K53: =IF(tblOnboarding[[#This Row],[Overdue]]="Yes",ReportDate-tblOnboarding[[#This Row],[Due Date]],"") | L53: =IF(OR(tblOnboarding[[#This Row],[Status]]="Completed",tblOnboarding[[#This Row],[Due Date]]=""),"No",IF(AND(tblOnboarding[[#This Row],[Due Date]]>=ReportDate,tblOnboarding[[#This Row],[Due Date]]<=ReportDate+DueSoonDays),"Yes","No")) -> No
A54: OB-053 | B54: WBS-1039 | C54: =IFERROR(INDEX(tblEmployees[Employee Name],MATCH(tblOnboarding[[#This Row],[Employee ID]],tblEmployees[Employee ID],0)),"ID not found") -> Manoj Nair | D54: =IFERROR(INDEX(tblEmployees[Department],MATCH(tblOnboarding[[#This Row],[Employee ID]],tblEmployees[Employee ID],0)),"") -> Information Technology | E54: HR orientation | F54: HR | G54: 46288 | H54: 46289 | I54: Completed | J54: =IF(OR(tblOnboarding[[#This Row],[Status]]="Completed",tblOnboarding[[#This Row],[Due Date]]=""),"No",IF(tblOnboarding[[#This Row],[Due Date]]<ReportDate,"Yes","No")) -> No | K54: =IF(tblOnboarding[[#This Row],[Overdue]]="Yes",ReportDate-tblOnboarding[[#This Row],[Due Date]],"") | L54: =IF(OR(tblOnboarding[[#This Row],[Status]]="Completed",tblOnboarding[[#This Row],[Due Date]]=""),"No",IF(AND(tblOnboarding[[#This Row],[Due Date]]>=ReportDate,tblOnboarding[[#This Row],[Due Date]]<=ReportDate+DueSoonDays),"Yes","No")) -> No
A55: OB-054 | B55: WBS-1039 | C55: =IFERROR(INDEX(tblEmployees[Employee Name],MATCH(tblOnboarding[[#This Row],[Employee ID]],tblEmployees[Employee ID],0)),"ID not found") -> Manoj Nair | D55: =IFERROR(INDEX(tblEmployees[Department],MATCH(tblOnboarding[[#This Row],[Employee ID]],tblEmployees[Employee ID],0)),"") -> Information Technology | E55: Bank details submission | F55: Payroll | G55: 46293 | H55: 46296 | I55: Completed | J55: =IF(OR(tblOnboarding[[#This Row],[Status]]="Completed",tblOnboarding[[#This Row],[Due Date]]=""),"No",IF(tblOnboarding[[#This Row],[Due Date]]<ReportDate,"Yes","No")) -> No | K55: =IF(tblOnboarding[[#This Row],[Overdue]]="Yes",ReportDate-tblOnboarding[[#This Row],[Due Date]],"") | L55: =IF(OR(tblOnboarding[[#This Row],[Status]]="Completed",tblOnboarding[[#This Row],[Due Date]]=""),"No",IF(AND(tblOnboarding[[#This Row],[Due Date]]>=ReportDate,tblOnboarding[[#This Row],[Due Date]]<=ReportDate+DueSoonDays),"Yes","No")) -> No
A56: OB-055 | B56: WBS-1039 | C56: =IFERROR(INDEX(tblEmployees[Employee Name],MATCH(tblOnboarding[[#This Row],[Employee ID]],tblEmployees[Employee ID],0)),"ID not found") -> Manoj Nair | D56: =IFERROR(INDEX(tblEmployees[Department],MATCH(tblOnboarding[[#This Row],[Employee ID]],tblEmployees[Employee ID],0)),"") -> Information Technology | E56: Department induction | F56: Reporting Manager | G56: 46293 | I56: Pending | J56: =IF(OR(tblOnboarding[[#This Row],[Status]]="Completed",tblOnboarding[[#This Row],[Due Date]]=""),"No",IF(tblOnboarding[[#This Row],[Due Date]]<ReportDate,"Yes","No")) -> Yes | K56: =IF(tblOnboarding[[#This Row],[Overdue]]="Yes",ReportDate-tblOnboarding[[#This Row],[Due Date]],"") -> 18 | L56: =IF(OR(tblOnboarding[[#This Row],[Status]]="Completed",tblOnboarding[[#This Row],[Due Date]]=""),"No",IF(AND(tblOnboarding[[#This Row],[Due Date]]>=ReportDate,tblOnboarding[[#This Row],[Due Date]]<=ReportDate+DueSoonDays),"Yes","No")) -> No | M56: Manager on leave - induction to be rescheduled
A57: OB-056 | B57: WBS-1039 | C57: =IFERROR(INDEX(tblEmployees[Employee Name],MATCH(tblOnboarding[[#This Row],[Employee ID]],tblEmployees[Employee ID],0)),"ID not found") -> Manoj Nair | D57: =IFERROR(INDEX(tblEmployees[Department],MATCH(tblOnboarding[[#This Row],[Employee ID]],tblEmployees[Employee ID],0)),"") -> Information Technology | E57: Education certificate verification | F57: HR | G57: 46300 | H57: 46300 | I57: Completed | J57: =IF(OR(tblOnboarding[[#This Row],[Status]]="Completed",tblOnboarding[[#This Row],[Due Date]]=""),"No",IF(tblOnboarding[[#This Row],[Due Date]]<ReportDate,"Yes","No")) -> No | K57: =IF(tblOnboarding[[#This Row],[Overdue]]="Yes",ReportDate-tblOnboarding[[#This Row],[Due Date]],"") | L57: =IF(OR(tblOnboarding[[#This Row],[Status]]="Completed",tblOnboarding[[#This Row],[Due Date]]=""),"No",IF(AND(tblOnboarding[[#This Row],[Due Date]]>=ReportDate,tblOnboarding[[#This Row],[Due Date]]<=ReportDate+DueSoonDays),"Yes","No")) -> No
A58: OB-057 | B58: WBS-1040 | C58: =IFERROR(INDEX(tblEmployees[Employee Name],MATCH(tblOnboarding[[#This Row],[Employee ID]],tblEmployees[Employee ID],0)),"ID not found") -> Amey Joshi | D58: =IFERROR(INDEX(tblEmployees[Department],MATCH(tblOnboarding[[#This Row],[Employee ID]],tblEmployees[Employee ID],0)),"") -> Finance | E58: Offer letter acknowledgement | F58: HR | G58: 46294 | H58: 46300 | I58: Completed | J58: =IF(OR(tblOnboarding[[#This Row],[Status]]="Completed",tblOnboarding[[#This Row],[Due Date]]=""),"No",IF(tblOnboarding[[#This Row],[Due Date]]<ReportDate,"Yes","No")) -> No | K58: =IF(tblOnboarding[[#This Row],[Overdue]]="Yes",ReportDate-tblOnboarding[[#This Row],[Due Date]],"") | L58: =IF(OR(tblOnboarding[[#This Row],[Status]]="Completed",tblOnboarding[[#This Row],[Due Date]]=""),"No",IF(AND(tblOnboarding[[#This Row],[Due Date]]>=ReportDate,tblOnboarding[[#This Row],[Due Date]]<=ReportDate+DueSoonDays),"Yes","No")) -> No
A59: OB-058 | B59: WBS-1040 | C59: =IFERROR(INDEX(tblEmployees[Employee Name],MATCH(tblOnboarding[[#This Row],[Employee ID]],tblEmployees[Employee ID],0)),"ID not found") -> Amey Joshi | D59: =IFERROR(INDEX(tblEmployees[Department],MATCH(tblOnboarding[[#This Row],[Employee ID]],tblEmployees[Employee ID],0)),"") -> Finance | E59: Identity document submission | F59: HR | G59: 46295 | H59: 46296 | I59: Completed | J59: =IF(OR(tblOnboarding[[#This Row],[Status]]="Completed",tblOnboarding[[#This Row],[Due Date]]=""),"No",IF(tblOnboarding[[#This Row],[Due Date]]<ReportDate,"Yes","No")) -> No | K59: =IF(tblOnboarding[[#This Row],[Overdue]]="Yes",ReportDate-tblOnboarding[[#This Row],[Due Date]],"") | L59: =IF(OR(tblOnboarding[[#This Row],[Status]]="Completed",tblOnboarding[[#This Row],[Due Date]]=""),"No",IF(AND(tblOnboarding[[#This Row],[Due Date]]>=ReportDate,tblOnboarding[[#This Row],[Due Date]]<=ReportDate+DueSoonDays),"Yes","No")) -> No | M59: Completed after reminder
A60: OB-059 | B60: WBS-1040 | C60: =IFERROR(INDEX(tblEmployees[Employee Name],MATCH(tblOnboarding[[#This Row],[Employee ID]],tblEmployees[Employee ID],0)),"ID not found") -> Amey Joshi | D60: =IFERROR(INDEX(tblEmployees[Department],MATCH(tblOnboarding[[#This Row],[Employee ID]],tblEmployees[Employee ID],0)),"") -> Finance | E60: IT account creation | F60: IT | G60: 46294 | H60: 46294 | I60: Completed | J60: =IF(OR(tblOnboarding[[#This Row],[Status]]="Completed",tblOnboarding[[#This Row],[Due Date]]=""),"No",IF(tblOnboarding[[#This Row],[Due Date]]<ReportDate,"Yes","No")) -> No | K60: =IF(tblOnboarding[[#This Row],[Overdue]]="Yes",ReportDate-tblOnboarding[[#This Row],[Due Date]],"") | L60: =IF(OR(tblOnboarding[[#This Row],[Status]]="Completed",tblOnboarding[[#This Row],[Due Date]]=""),"No",IF(AND(tblOnboarding[[#This Row],[Due Date]]>=ReportDate,tblOnboarding[[#This Row],[Due Date]]<=ReportDate+DueSoonDays),"Yes","No")) -> No
A61: OB-060 | B61: WBS-1040 | C61: =IFERROR(INDEX(tblEmployees[Employee Name],MATCH(tblOnboarding[[#This Row],[Employee ID]],tblEmployees[Employee ID],0)),"ID not found") -> Amey Joshi | D61: =IFERROR(INDEX(tblEmployees[Department],MATCH(tblOnboarding[[#This Row],[Employee ID]],tblEmployees[Employee ID],0)),"") -> Finance | E61: Company policy acknowledgement | F61: HR | G61: 46296 | H61: 46297 | I61: Completed | J61: =IF(OR(tblOnboarding[[#This Row],[Status]]="Completed",tblOnboarding[[#This Row],[Due Date]]=""),"No",IF(tblOnboarding[[#This Row],[Due Date]]<ReportDate,"Yes","No")) -> No | K61: =IF(tblOnboarding[[#This Row],[Overdue]]="Yes",ReportDate-tblOnboarding[[#This Row],[Due Date]],"") | L61: =IF(OR(tblOnboarding[[#This Row],[Status]]="Completed",tblOnboarding[[#This Row],[Due Date]]=""),"No",IF(AND(tblOnboarding[[#This Row],[Due Date]]>=ReportDate,tblOnboarding[[#This Row],[Due Date]]<=ReportDate+DueSoonDays),"Yes","No")) -> No
A62: OB-061 | B62: WBS-1040 | C62: =IFERROR(INDEX(tblEmployees[Employee Name],MATCH(tblOnboarding[[#This Row],[Employee ID]],tblEmployees[Employee ID],0)),"ID not found") -> Amey Joshi | D62: =IFERROR(INDEX(tblEmployees[Department],MATCH(tblOnboarding[[#This Row],[Employee ID]],tblEmployees[Employee ID],0)),"") -> Finance | E62: HR orientation | F62: HR | G62: 46295 | H62: 46300 | I62: Completed | J62: =IF(OR(tblOnboarding[[#This Row],[Status]]="Completed",tblOnboarding[[#This Row],[Due Date]]=""),"No",IF(tblOnboarding[[#This Row],[Due Date]]<ReportDate,"Yes","No")) -> No | K62: =IF(tblOnboarding[[#This Row],[Overdue]]="Yes",ReportDate-tblOnboarding[[#This Row],[Due Date]],"") | L62: =IF(OR(tblOnboarding[[#This Row],[Status]]="Completed",tblOnboarding[[#This Row],[Due Date]]=""),"No",IF(AND(tblOnboarding[[#This Row],[Due Date]]>=ReportDate,tblOnboarding[[#This Row],[Due Date]]<=ReportDate+DueSoonDays),"Yes","No")) -> No | M62: Delayed - employee on leave
A63: OB-062 | B63: WBS-1040 | C63: =IFERROR(INDEX(tblEmployees[Employee Name],MATCH(tblOnboarding[[#This Row],[Employee ID]],tblEmployees[Employee ID],0)),"ID not found") -> Amey Joshi | D63: =IFERROR(INDEX(tblEmployees[Department],MATCH(tblOnboarding[[#This Row],[Employee ID]],tblEmployees[Employee ID],0)),"") -> Finance | E63: Bank details submission | F63: Payroll | G63: 46300 | I63: In Progress | J63: =IF(OR(tblOnboarding[[#This Row],[Status]]="Completed",tblOnboarding[[#This Row],[Due Date]]=""),"No",IF(tblOnboarding[[#This Row],[Due Date]]<ReportDate,"Yes","No")) -> Yes | K63: =IF(tblOnboarding[[#This Row],[Overdue]]="Yes",ReportDate-tblOnboarding[[#This Row],[Due Date]],"") -> 11 | L63: =IF(OR(tblOnboarding[[#This Row],[Status]]="Completed",tblOnboarding[[#This Row],[Due Date]]=""),"No",IF(AND(tblOnboarding[[#This Row],[Due Date]]>=ReportDate,tblOnboarding[[#This Row],[Due Date]]<=ReportDate+DueSoonDays),"Yes","No")) -> No
A64: OB-063 | B64: WBS-1040 | C64: =IFERROR(INDEX(tblEmployees[Employee Name],MATCH(tblOnboarding[[#This Row],[Employee ID]],tblEmployees[Employee ID],0)),"ID not found") -> Amey Joshi | D64: =IFERROR(INDEX(tblEmployees[Department],MATCH(tblOnboarding[[#This Row],[Employee ID]],tblEmployees[Employee ID],0)),"") -> Finance | E64: Department induction | F64: Reporting Manager | G64: 46300 | H64: 46303 | I64: Completed | J64: =IF(OR(tblOnboarding[[#This Row],[Status]]="Completed",tblOnboarding[[#This Row],[Due Date]]=""),"No",IF(tblOnboarding[[#This Row],[Due Date]]<ReportDate,"Yes","No")) -> No | K64: =IF(tblOnboarding[[#This Row],[Overdue]]="Yes",ReportDate-tblOnboarding[[#This Row],[Due Date]],"") | L64: =IF(OR(tblOnboarding[[#This Row],[Status]]="Completed",tblOnboarding[[#This Row],[Due Date]]=""),"No",IF(AND(tblOnboarding[[#This Row],[Due Date]]>=ReportDate,tblOnboarding[[#This Row],[Due Date]]<=ReportDate+DueSoonDays),"Yes","No")) -> No | M64: Delayed - employee on leave
A65: OB-064 | B65: WBS-1040 | C65: =IFERROR(INDEX(tblEmployees[Employee Name],MATCH(tblOnboarding[[#This Row],[Employee ID]],tblEmployees[Employee ID],0)),"ID not found") -> Amey Joshi | D65: =IFERROR(INDEX(tblEmployees[Department],MATCH(tblOnboarding[[#This Row],[Employee ID]],tblEmployees[Employee ID],0)),"") -> Finance | E65: Education certificate verification | F65: HR | G65: 46307 | H65: 46308 | I65: Completed | J65: =IF(OR(tblOnboarding[[#This Row],[Status]]="Completed",tblOnboarding[[#This Row],[Due Date]]=""),"No",IF(tblOnboarding[[#This Row],[Due Date]]<ReportDate,"Yes","No")) -> No | K65: =IF(tblOnboarding[[#This Row],[Overdue]]="Yes",ReportDate-tblOnboarding[[#This Row],[Due Date]],"") | L65: =IF(OR(tblOnboarding[[#This Row],[Status]]="Completed",tblOnboarding[[#This Row],[Due Date]]=""),"No",IF(AND(tblOnboarding[[#This Row],[Due Date]]>=ReportDate,tblOnboarding[[#This Row],[Due Date]]<=ReportDate+DueSoonDays),"Yes","No")) -> No
A66: OB-065 | B66: WBS-1041 | C66: =IFERROR(INDEX(tblEmployees[Employee Name],MATCH(tblOnboarding[[#This Row],[Employee ID]],tblEmployees[Employee ID],0)),"ID not found") -> Pranav Phadke | D66: =IFERROR(INDEX(tblEmployees[Department],MATCH(tblOnboarding[[#This Row],[Employee ID]],tblEmployees[Employee ID],0)),"") -> Human Resources | E66: Offer letter acknowledgement | F66: HR | G66: 46295 | H66: 46294 | I66: Completed | J66: =IF(OR(tblOnboarding[[#This Row],[Status]]="Completed",tblOnboarding[[#This Row],[Due Date]]=""),"No",IF(tblOnboarding[[#This Row],[Due Date]]<ReportDate,"Yes","No")) -> No | K66: =IF(tblOnboarding[[#This Row],[Overdue]]="Yes",ReportDate-tblOnboarding[[#This Row],[Due Date]],"") | L66: =IF(OR(tblOnboarding[[#This Row],[Status]]="Completed",tblOnboarding[[#This Row],[Due Date]]=""),"No",IF(AND(tblOnboarding[[#This Row],[Due Date]]>=ReportDate,tblOnboarding[[#This Row],[Due Date]]<=ReportDate+DueSoonDays),"Yes","No")) -> No
A67: OB-066 | B67: WBS-1041 | C67: =IFERROR(INDEX(tblEmployees[Employee Name],MATCH(tblOnboarding[[#This Row],[Employee ID]],tblEmployees[Employee ID],0)),"ID not found") -> Pranav Phadke | D67: =IFERROR(INDEX(tblEmployees[Department],MATCH(tblOnboarding[[#This Row],[Employee ID]],tblEmployees[Employee ID],0)),"") -> Human Resources | E67: Identity document submission | F67: HR | G67: 46296 | H67: 46301 | I67: Completed | J67: =IF(OR(tblOnboarding[[#This Row],[Status]]="Completed",tblOnboarding[[#This Row],[Due Date]]=""),"No",IF(tblOnboarding[[#This Row],[Due Date]]<ReportDate,"Yes","No")) -> No | K67: =IF(tblOnboarding[[#This Row],[Overdue]]="Yes",ReportDate-tblOnboarding[[#This Row],[Due Date]],"") | L67: =IF(OR(tblOnboarding[[#This Row],[Status]]="Completed",tblOnboarding[[#This Row],[Due Date]]=""),"No",IF(AND(tblOnboarding[[#This Row],[Due Date]]>=ReportDate,tblOnboarding[[#This Row],[Due Date]]<=ReportDate+DueSoonDays),"Yes","No")) -> No
A68: OB-067 | B68: WBS-1041 | C68: =IFERROR(INDEX(tblEmployees[Employee Name],MATCH(tblOnboarding[[#This Row],[Employee ID]],tblEmployees[Employee ID],0)),"ID not found") -> Pranav Phadke | D68: =IFERROR(INDEX(tblEmployees[Department],MATCH(tblOnboarding[[#This Row],[Employee ID]],tblEmployees[Employee ID],0)),"") -> Human Resources | E68: IT account creation | F68: IT | G68: 46295 | H68: 46300 | I68: Completed | J68: =IF(OR(tblOnboarding[[#This Row],[Status]]="Completed",tblOnboarding[[#This Row],[Due Date]]=""),"No",IF(tblOnboarding[[#This Row],[Due Date]]<ReportDate,"Yes","No")) -> No | K68: =IF(tblOnboarding[[#This Row],[Overdue]]="Yes",ReportDate-tblOnboarding[[#This Row],[Due Date]],"") | L68: =IF(OR(tblOnboarding[[#This Row],[Status]]="Completed",tblOnboarding[[#This Row],[Due Date]]=""),"No",IF(AND(tblOnboarding[[#This Row],[Due Date]]>=ReportDate,tblOnboarding[[#This Row],[Due Date]]<=ReportDate+DueSoonDays),"Yes","No")) -> No
A69: OB-068 | B69: WBS-1041 | C69: =IFERROR(INDEX(tblEmployees[Employee Name],MATCH(tblOnboarding[[#This Row],[Employee ID]],tblEmployees[Employee ID],0)),"ID not found") -> Pranav Phadke | D69: =IFERROR(INDEX(tblEmployees[Department],MATCH(tblOnboarding[[#This Row],[Employee ID]],tblEmployees[Employee ID],0)),"") -> Human Resources | E69: Company policy acknowledgement | F69: HR | G69: 46297 | H69: 46297 | I69: Completed | J69: =IF(OR(tblOnboarding[[#This Row],[Status]]="Completed",tblOnboarding[[#This Row],[Due Date]]=""),"No",IF(tblOnboarding[[#This Row],[Due Date]]<ReportDate,"Yes","No")) -> No | K69: =IF(tblOnboarding[[#This Row],[Overdue]]="Yes",ReportDate-tblOnboarding[[#This Row],[Due Date]],"") | L69: =IF(OR(tblOnboarding[[#This Row],[Status]]="Completed",tblOnboarding[[#This Row],[Due Date]]=""),"No",IF(AND(tblOnboarding[[#This Row],[Due Date]]>=ReportDate,tblOnboarding[[#This Row],[Due Date]]<=ReportDate+DueSoonDays),"Yes","No")) -> No
A70: OB-069 | B70: WBS-1041 | C70: =IFERROR(INDEX(tblEmployees[Employee Name],MATCH(tblOnboarding[[#This Row],[Employee ID]],tblEmployees[Employee ID],0)),"ID not found") -> Pranav Phadke | D70: =IFERROR(INDEX(tblEmployees[Department],MATCH(tblOnboarding[[#This Row],[Employee ID]],tblEmployees[Employee ID],0)),"") -> Human Resources | E70: HR orientation | F70: HR | G70: 46296 | H70: 46295 | I70: Completed | J70: =IF(OR(tblOnboarding[[#This Row],[Status]]="Completed",tblOnboarding[[#This Row],[Due Date]]=""),"No",IF(tblOnboarding[[#This Row],[Due Date]]<ReportDate,"Yes","No")) -> No | K70: =IF(tblOnboarding[[#This Row],[Overdue]]="Yes",ReportDate-tblOnboarding[[#This Row],[Due Date]],"") | L70: =IF(OR(tblOnboarding[[#This Row],[Status]]="Completed",tblOnboarding[[#This Row],[Due Date]]=""),"No",IF(AND(tblOnboarding[[#This Row],[Due Date]]>=ReportDate,tblOnboarding[[#This Row],[Due Date]]<=ReportDate+DueSoonDays),"Yes","No")) -> No
A71: OB-070 | B71: WBS-1041 | C71: =IFERROR(INDEX(tblEmployees[Employee Name],MATCH(tblOnboarding[[#This Row],[Employee ID]],tblEmployees[Employee ID],0)),"ID not found") -> Pranav Phadke | D71: =IFERROR(INDEX(tblEmployees[Department],MATCH(tblOnboarding[[#This Row],[Employee ID]],tblEmployees[Employee ID],0)),"") -> Human Resources | E71: Bank details submission | F71: Payroll | G71: 46300 | H71: 46300 | I71: Completed | J71: =IF(OR(tblOnboarding[[#This Row],[Status]]="Completed",tblOnboarding[[#This Row],[Due Date]]=""),"No",IF(tblOnboarding[[#This Row],[Due Date]]<ReportDate,"Yes","No")) -> No | K71: =IF(tblOnboarding[[#This Row],[Overdue]]="Yes",ReportDate-tblOnboarding[[#This Row],[Due Date]],"") | L71: =IF(OR(tblOnboarding[[#This Row],[Status]]="Completed",tblOnboarding[[#This Row],[Due Date]]=""),"No",IF(AND(tblOnboarding[[#This Row],[Due Date]]>=ReportDate,tblOnboarding[[#This Row],[Due Date]]<=ReportDate+DueSoonDays),"Yes","No")) -> No
A72: OB-071 | B72: WBS-1041 | C72: =IFERROR(INDEX(tblEmployees[Employee Name],MATCH(tblOnboarding[[#This Row],[Employee ID]],tblEmployees[Employee ID],0)),"ID not found") -> Pranav Phadke | D72: =IFERROR(INDEX(tblEmployees[Department],MATCH(tblOnboarding[[#This Row],[Employee ID]],tblEmployees[Employee ID],0)),"") -> Human Resources | E72: Department induction | F72: Reporting Manager | G72: 46301 | H72: 46303 | I72: Completed | J72: =IF(OR(tblOnboarding[[#This Row],[Status]]="Completed",tblOnboarding[[#This Row],[Due Date]]=""),"No",IF(tblOnboarding[[#This Row],[Due Date]]<ReportDate,"Yes","No")) -> No | K72: =IF(tblOnboarding[[#This Row],[Overdue]]="Yes",ReportDate-tblOnboarding[[#This Row],[Due Date]],"") | L72: =IF(OR(tblOnboarding[[#This Row],[Status]]="Completed",tblOnboarding[[#This Row],[Due Date]]=""),"No",IF(AND(tblOnboarding[[#This Row],[Due Date]]>=ReportDate,tblOnboarding[[#This Row],[Due Date]]<=ReportDate+DueSoonDays),"Yes","No")) -> No
A73: OB-072 | B73: WBS-1041 | C73: =IFERROR(INDEX(tblEmployees[Employee Name],MATCH(tblOnboarding[[#This Row],[Employee ID]],tblEmployees[Employee ID],0)),"ID not found") -> Pranav Phadke | D73: =IFERROR(INDEX(tblEmployees[Department],MATCH(tblOnboarding[[#This Row],[Employee ID]],tblEmployees[Employee ID],0)),"") -> Human Resources | E73: Education certificate verification | F73: HR | G73: 46308 | I73: Pending | J73: =IF(OR(tblOnboarding[[#This Row],[Status]]="Completed",tblOnboarding[[#This Row],[Due Date]]=""),"No",IF(tblOnboarding[[#This Row],[Due Date]]<ReportDate,"Yes","No")) -> Yes | K73: =IF(tblOnboarding[[#This Row],[Overdue]]="Yes",ReportDate-tblOnboarding[[#This Row],[Due Date]],"") -> 3 | L73: =IF(OR(tblOnboarding[[#This Row],[Status]]="Completed",tblOnboarding[[#This Row],[Due Date]]=""),"No",IF(AND(tblOnboarding[[#This Row],[Due Date]]>=ReportDate,tblOnboarding[[#This Row],[Due Date]]<=ReportDate+DueSoonDays),"Yes","No")) -> No | M73: Degree certificate copy awaited from employee
A74: OB-073 | B74: WBS-1043 | C74: =IFERROR(INDEX(tblEmployees[Employee Name],MATCH(tblOnboarding[[#This Row],[Employee ID]],tblEmployees[Employee ID],0)),"ID not found") -> Shruti Bansal | D74: =IFERROR(INDEX(tblEmployees[Department],MATCH(tblOnboarding[[#This Row],[Employee ID]],tblEmployees[Employee ID],0)),"") -> Customer Support | E74: Offer letter acknowledgement | F74: HR | G74: 46301 | H74: 46300 | I74: Completed | J74: =IF(OR(tblOnboarding[[#This Row],[Status]]="Completed",tblOnboarding[[#This Row],[Due Date]]=""),"No",IF(tblOnboarding[[#This Row],[Due Date]]<ReportDate,"Yes","No")) -> No | K74: =IF(tblOnboarding[[#This Row],[Overdue]]="Yes",ReportDate-tblOnboarding[[#This Row],[Due Date]],"") | L74: =IF(OR(tblOnboarding[[#This Row],[Status]]="Completed",tblOnboarding[[#This Row],[Due Date]]=""),"No",IF(AND(tblOnboarding[[#This Row],[Due Date]]>=ReportDate,tblOnboarding[[#This Row],[Due Date]]<=ReportDate+DueSoonDays),"Yes","No")) -> No
A75: OB-074 | B75: WBS-1043 | C75: =IFERROR(INDEX(tblEmployees[Employee Name],MATCH(tblOnboarding[[#This Row],[Employee ID]],tblEmployees[Employee ID],0)),"ID not found") -> Shruti Bansal | D75: =IFERROR(INDEX(tblEmployees[Department],MATCH(tblOnboarding[[#This Row],[Employee ID]],tblEmployees[Employee ID],0)),"") -> Customer Support | E75: Identity document submission | F75: HR | G75: 46302 | H75: 46302 | I75: Completed | J75: =IF(OR(tblOnboarding[[#This Row],[Status]]="Completed",tblOnboarding[[#This Row],[Due Date]]=""),"No",IF(tblOnboarding[[#This Row],[Due Date]]<ReportDate,"Yes","No")) -> No | K75: =IF(tblOnboarding[[#This Row],[Overdue]]="Yes",ReportDate-tblOnboarding[[#This Row],[Due Date]],"") | L75: =IF(OR(tblOnboarding[[#This Row],[Status]]="Completed",tblOnboarding[[#This Row],[Due Date]]=""),"No",IF(AND(tblOnboarding[[#This Row],[Due Date]]>=ReportDate,tblOnboarding[[#This Row],[Due Date]]<=ReportDate+DueSoonDays),"Yes","No")) -> No
A76: OB-075 | B76: WBS-1043 | C76: =IFERROR(INDEX(tblEmployees[Employee Name],MATCH(tblOnboarding[[#This Row],[Employee ID]],tblEmployees[Employee ID],0)),"ID not found") -> Shruti Bansal | D76: =IFERROR(INDEX(tblEmployees[Department],MATCH(tblOnboarding[[#This Row],[Employee ID]],tblEmployees[Employee ID],0)),"") -> Customer Support | E76: IT account creation | F76: IT | G76: 46301 | H76: 46301 | I76: Completed | J76: =IF(OR(tblOnboarding[[#This Row],[Status]]="Completed",tblOnboarding[[#This Row],[Due Date]]=""),"No",IF(tblOnboarding[[#This Row],[Due Date]]<ReportDate,"Yes","No")) -> No | K76: =IF(tblOnboarding[[#This Row],[Overdue]]="Yes",ReportDate-tblOnboarding[[#This Row],[Due Date]],"") | L76: =IF(OR(tblOnboarding[[#This Row],[Status]]="Completed",tblOnboarding[[#This Row],[Due Date]]=""),"No",IF(AND(tblOnboarding[[#This Row],[Due Date]]>=ReportDate,tblOnboarding[[#This Row],[Due Date]]<=ReportDate+DueSoonDays),"Yes","No")) -> No
A77: OB-076 | B77: WBS-1043 | C77: =IFERROR(INDEX(tblEmployees[Employee Name],MATCH(tblOnboarding[[#This Row],[Employee ID]],tblEmployees[Employee ID],0)),"ID not found") -> Shruti Bansal | D77: =IFERROR(INDEX(tblEmployees[Department],MATCH(tblOnboarding[[#This Row],[Employee ID]],tblEmployees[Employee ID],0)),"") -> Customer Support | E77: Company policy acknowledgement | F77: HR | G77: 46303 | H77: 46307 | I77: Completed | J77: =IF(OR(tblOnboarding[[#This Row],[Status]]="Completed",tblOnboarding[[#This Row],[Due Date]]=""),"No",IF(tblOnboarding[[#This Row],[Due Date]]<ReportDate,"Yes","No")) -> No | K77: =IF(tblOnboarding[[#This Row],[Overdue]]="Yes",ReportDate-tblOnboarding[[#This Row],[Due Date]],"") | L77: =IF(OR(tblOnboarding[[#This Row],[Status]]="Completed",tblOnboarding[[#This Row],[Due Date]]=""),"No",IF(AND(tblOnboarding[[#This Row],[Due Date]]>=ReportDate,tblOnboarding[[#This Row],[Due Date]]<=ReportDate+DueSoonDays),"Yes","No")) -> No
A78: OB-077 | B78: WBS-1043 | C78: =IFERROR(INDEX(tblEmployees[Employee Name],MATCH(tblOnboarding[[#This Row],[Employee ID]],tblEmployees[Employee ID],0)),"ID not found") -> Shruti Bansal | D78: =IFERROR(INDEX(tblEmployees[Department],MATCH(tblOnboarding[[#This Row],[Employee ID]],tblEmployees[Employee ID],0)),"") -> Customer Support | E78: HR orientation | F78: HR | G78: 46302 | H78: 46302 | I78: Completed | J78: =IF(OR(tblOnboarding[[#This Row],[Status]]="Completed",tblOnboarding[[#This Row],[Due Date]]=""),"No",IF(tblOnboarding[[#This Row],[Due Date]]<ReportDate,"Yes","No")) -> No | K78: =IF(tblOnboarding[[#This Row],[Overdue]]="Yes",ReportDate-tblOnboarding[[#This Row],[Due Date]],"") | L78: =IF(OR(tblOnboarding[[#This Row],[Status]]="Completed",tblOnboarding[[#This Row],[Due Date]]=""),"No",IF(AND(tblOnboarding[[#This Row],[Due Date]]>=ReportDate,tblOnboarding[[#This Row],[Due Date]]<=ReportDate+DueSoonDays),"Yes","No")) -> No
A79: OB-078 | B79: WBS-1043 | C79: =IFERROR(INDEX(tblEmployees[Employee Name],MATCH(tblOnboarding[[#This Row],[Employee ID]],tblEmployees[Employee ID],0)),"ID not found") -> Shruti Bansal | D79: =IFERROR(INDEX(tblEmployees[Department],MATCH(tblOnboarding[[#This Row],[Employee ID]],tblEmployees[Employee ID],0)),"") -> Customer Support | E79: Bank details submission | F79: Payroll | G79: 46307 | I79: Pending | J79: =IF(OR(tblOnboarding[[#This Row],[Status]]="Completed",tblOnboarding[[#This Row],[Due Date]]=""),"No",IF(tblOnboarding[[#This Row],[Due Date]]<ReportDate,"Yes","No")) -> Yes | K79: =IF(tblOnboarding[[#This Row],[Overdue]]="Yes",ReportDate-tblOnboarding[[#This Row],[Due Date]],"") -> 4 | L79: =IF(OR(tblOnboarding[[#This Row],[Status]]="Completed",tblOnboarding[[#This Row],[Due Date]]=""),"No",IF(AND(tblOnboarding[[#This Row],[Due Date]]>=ReportDate,tblOnboarding[[#This Row],[Due Date]]<=ReportDate+DueSoonDays),"Yes","No")) -> No | M79: Cancelled cheque not yet received - reminder sent 14-Oct
A80: OB-079 | B80: WBS-1043 | C80: =IFERROR(INDEX(tblEmployees[Employee Name],MATCH(tblOnboarding[[#This Row],[Employee ID]],tblEmployees[Employee ID],0)),"ID not found") -> Shruti Bansal | D80: =IFERROR(INDEX(tblEmployees[Department],MATCH(tblOnboarding[[#This Row],[Employee ID]],tblEmployees[Employee ID],0)),"") -> Customer Support | E80: Department induction | F80: Reporting Manager | G80: 46307 | H80: 46307 | I80: Completed | J80: =IF(OR(tblOnboarding[[#This Row],[Status]]="Completed",tblOnboarding[[#This Row],[Due Date]]=""),"No",IF(tblOnboarding[[#This Row],[Due Date]]<ReportDate,"Yes","No")) -> No | K80: =IF(tblOnboarding[[#This Row],[Overdue]]="Yes",ReportDate-tblOnboarding[[#This Row],[Due Date]],"") | L80: =IF(OR(tblOnboarding[[#This Row],[Status]]="Completed",tblOnboarding[[#This Row],[Due Date]]=""),"No",IF(AND(tblOnboarding[[#This Row],[Due Date]]>=ReportDate,tblOnboarding[[#This Row],[Due Date]]<=ReportDate+DueSoonDays),"Yes","No")) -> No
A81: OB-080 | B81: WBS-1043 | C81: =IFERROR(INDEX(tblEmployees[Employee Name],MATCH(tblOnboarding[[#This Row],[Employee ID]],tblEmployees[Employee ID],0)),"ID not found") -> Shruti Bansal | D81: =IFERROR(INDEX(tblEmployees[Department],MATCH(tblOnboarding[[#This Row],[Employee ID]],tblEmployees[Employee ID],0)),"") -> Customer Support | E81: Education certificate verification | F81: HR | G81: 46314 | I81: Pending | J81: =IF(OR(tblOnboarding[[#This Row],[Status]]="Completed",tblOnboarding[[#This Row],[Due Date]]=""),"No",IF(tblOnboarding[[#This Row],[Due Date]]<ReportDate,"Yes","No")) -> No | K81: =IF(tblOnboarding[[#This Row],[Overdue]]="Yes",ReportDate-tblOnboarding[[#This Row],[Due Date]],"") | L81: =IF(OR(tblOnboarding[[#This Row],[Status]]="Completed",tblOnboarding[[#This Row],[Due Date]]=""),"No",IF(AND(tblOnboarding[[#This Row],[Due Date]]>=ReportDate,tblOnboarding[[#This Row],[Due Date]]<=ReportDate+DueSoonDays),"Yes","No")) -> Yes
A82: OB-081 | B82: WBS-1044 | C82: =IFERROR(INDEX(tblEmployees[Employee Name],MATCH(tblOnboarding[[#This Row],[Employee ID]],tblEmployees[Employee ID],0)),"ID not found") -> Rutuja Sawant | D82: =IFERROR(INDEX(tblEmployees[Department],MATCH(tblOnboarding[[#This Row],[Employee ID]],tblEmployees[Employee ID],0)),"") -> Sales | E82: Offer letter acknowledgement | F82: HR | G82: 46301 | H82: 46303 | I82: Completed | J82: =IF(OR(tblOnboarding[[#This Row],[Status]]="Completed",tblOnboarding[[#This Row],[Due Date]]=""),"No",IF(tblOnboarding[[#This Row],[Due Date]]<ReportDate,"Yes","No")) -> No | K82: =IF(tblOnboarding[[#This Row],[Overdue]]="Yes",ReportDate-tblOnboarding[[#This Row],[Due Date]],"") | L82: =IF(OR(tblOnboarding[[#This Row],[Status]]="Completed",tblOnboarding[[#This Row],[Due Date]]=""),"No",IF(AND(tblOnboarding[[#This Row],[Due Date]]>=ReportDate,tblOnboarding[[#This Row],[Due Date]]<=ReportDate+DueSoonDays),"Yes","No")) -> No
A83: OB-082 | B83: WBS-1044 | C83: =IFERROR(INDEX(tblEmployees[Employee Name],MATCH(tblOnboarding[[#This Row],[Employee ID]],tblEmployees[Employee ID],0)),"ID not found") -> Rutuja Sawant | D83: =IFERROR(INDEX(tblEmployees[Department],MATCH(tblOnboarding[[#This Row],[Employee ID]],tblEmployees[Employee ID],0)),"") -> Sales | E83: Identity document submission | F83: HR | G83: 46302 | H83: 46304 | I83: Completed | J83: =IF(OR(tblOnboarding[[#This Row],[Status]]="Completed",tblOnboarding[[#This Row],[Due Date]]=""),"No",IF(tblOnboarding[[#This Row],[Due Date]]<ReportDate,"Yes","No")) -> No | K83: =IF(tblOnboarding[[#This Row],[Overdue]]="Yes",ReportDate-tblOnboarding[[#This Row],[Due Date]],"") | L83: =IF(OR(tblOnboarding[[#This Row],[Status]]="Completed",tblOnboarding[[#This Row],[Due Date]]=""),"No",IF(AND(tblOnboarding[[#This Row],[Due Date]]>=ReportDate,tblOnboarding[[#This Row],[Due Date]]<=ReportDate+DueSoonDays),"Yes","No")) -> No
A84: OB-083 | B84: WBS-1044 | C84: =IFERROR(INDEX(tblEmployees[Employee Name],MATCH(tblOnboarding[[#This Row],[Employee ID]],tblEmployees[Employee ID],0)),"ID not found") -> Rutuja Sawant | D84: =IFERROR(INDEX(tblEmployees[Department],MATCH(tblOnboarding[[#This Row],[Employee ID]],tblEmployees[Employee ID],0)),"") -> Sales | E84: IT account creation | F84: IT | G84: 46301 | I84: In Progress | J84: =IF(OR(tblOnboarding[[#This Row],[Status]]="Completed",tblOnboarding[[#This Row],[Due Date]]=""),"No",IF(tblOnboarding[[#This Row],[Due Date]]<ReportDate,"Yes","No")) -> Yes | K84: =IF(tblOnboarding[[#This Row],[Overdue]]="Yes",ReportDate-tblOnboarding[[#This Row],[Due Date]],"") -> 10 | L84: =IF(OR(tblOnboarding[[#This Row],[Status]]="Completed",tblOnboarding[[#This Row],[Due Date]]=""),"No",IF(AND(tblOnboarding[[#This Row],[Due Date]]>=ReportDate,tblOnboarding[[#This Row],[Due Date]]<=ReportDate+DueSoonDays),"Yes","No")) -> No | M84: Ticket raised with IT helpdesk; manager approval for access awaited
A85: OB-084 | B85: WBS-1044 | C85: =IFERROR(INDEX(tblEmployees[Employee Name],MATCH(tblOnboarding[[#This Row],[Employee ID]],tblEmployees[Employee ID],0)),"ID not found") -> Rutuja Sawant | D85: =IFERROR(INDEX(tblEmployees[Department],MATCH(tblOnboarding[[#This Row],[Employee ID]],tblEmployees[Employee ID],0)),"") -> Sales | E85: Company policy acknowledgement | F85: HR | G85: 46303 | H85: 46307 | I85: Completed | J85: =IF(OR(tblOnboarding[[#This Row],[Status]]="Completed",tblOnboarding[[#This Row],[Due Date]]=""),"No",IF(tblOnboarding[[#This Row],[Due Date]]<ReportDate,"Yes","No")) -> No | K85: =IF(tblOnboarding[[#This Row],[Overdue]]="Yes",ReportDate-tblOnboarding[[#This Row],[Due Date]],"") | L85: =IF(OR(tblOnboarding[[#This Row],[Status]]="Completed",tblOnboarding[[#This Row],[Due Date]]=""),"No",IF(AND(tblOnboarding[[#This Row],[Due Date]]>=ReportDate,tblOnboarding[[#This Row],[Due Date]]<=ReportDate+DueSoonDays),"Yes","No")) -> No
A86: OB-085 | B86: WBS-1044 | C86: =IFERROR(INDEX(tblEmployees[Employee Name],MATCH(tblOnboarding[[#This Row],[Employee ID]],tblEmployees[Employee ID],0)),"ID not found") -> Rutuja Sawant | D86: =IFERROR(INDEX(tblEmployees[Department],MATCH(tblOnboarding[[#This Row],[Employee ID]],tblEmployees[Employee ID],0)),"") -> Sales | E86: HR orientation | F86: HR | G86: 46302 | H86: 46302 | I86: Completed | J86: =IF(OR(tblOnboarding[[#This Row],[Status]]="Completed",tblOnboarding[[#This Row],[Due Date]]=""),"No",IF(tblOnboarding[[#This Row],[Due Date]]<ReportDate,"Yes","No")) -> No | K86: =IF(tblOnboarding[[#This Row],[Overdue]]="Yes",ReportDate-tblOnboarding[[#This Row],[Due Date]],"") | L86: =IF(OR(tblOnboarding[[#This Row],[Status]]="Completed",tblOnboarding[[#This Row],[Due Date]]=""),"No",IF(AND(tblOnboarding[[#This Row],[Due Date]]>=ReportDate,tblOnboarding[[#This Row],[Due Date]]<=ReportDate+DueSoonDays),"Yes","No")) -> No
A87: OB-086 | B87: WBS-1044 | C87: =IFERROR(INDEX(tblEmployees[Employee Name],MATCH(tblOnboarding[[#This Row],[Employee ID]],tblEmployees[Employee ID],0)),"ID not found") -> Rutuja Sawant | D87: =IFERROR(INDEX(tblEmployees[Department],MATCH(tblOnboarding[[#This Row],[Employee ID]],tblEmployees[Employee ID],0)),"") -> Sales | E87: Bank details submission | F87: Payroll | G87: 46307 | H87: 46307 | I87: Completed | J87: =IF(OR(tblOnboarding[[#This Row],[Status]]="Completed",tblOnboarding[[#This Row],[Due Date]]=""),"No",IF(tblOnboarding[[#This Row],[Due Date]]<ReportDate,"Yes","No")) -> No | K87: =IF(tblOnboarding[[#This Row],[Overdue]]="Yes",ReportDate-tblOnboarding[[#This Row],[Due Date]],"") | L87: =IF(OR(tblOnboarding[[#This Row],[Status]]="Completed",tblOnboarding[[#This Row],[Due Date]]=""),"No",IF(AND(tblOnboarding[[#This Row],[Due Date]]>=ReportDate,tblOnboarding[[#This Row],[Due Date]]<=ReportDate+DueSoonDays),"Yes","No")) -> No
A88: OB-087 | B88: WBS-1044 | C88: =IFERROR(INDEX(tblEmployees[Employee Name],MATCH(tblOnboarding[[#This Row],[Employee ID]],tblEmployees[Employee ID],0)),"ID not found") -> Rutuja Sawant | D88: =IFERROR(INDEX(tblEmployees[Department],MATCH(tblOnboarding[[#This Row],[Employee ID]],tblEmployees[Employee ID],0)),"") -> Sales | E88: Department induction | F88: Reporting Manager | G88: 46307 | H88: 46309 | I88: Completed | J88: =IF(OR(tblOnboarding[[#This Row],[Status]]="Completed",tblOnboarding[[#This Row],[Due Date]]=""),"No",IF(tblOnboarding[[#This Row],[Due Date]]<ReportDate,"Yes","No")) -> No | K88: =IF(tblOnboarding[[#This Row],[Overdue]]="Yes",ReportDate-tblOnboarding[[#This Row],[Due Date]],"") | L88: =IF(OR(tblOnboarding[[#This Row],[Status]]="Completed",tblOnboarding[[#This Row],[Due Date]]=""),"No",IF(AND(tblOnboarding[[#This Row],[Due Date]]>=ReportDate,tblOnboarding[[#This Row],[Due Date]]<=ReportDate+DueSoonDays),"Yes","No")) -> No
A89: OB-088 | B89: WBS-1044 | C89: =IFERROR(INDEX(tblEmployees[Employee Name],MATCH(tblOnboarding[[#This Row],[Employee ID]],tblEmployees[Employee ID],0)),"ID not found") -> Rutuja Sawant | D89: =IFERROR(INDEX(tblEmployees[Department],MATCH(tblOnboarding[[#This Row],[Employee ID]],tblEmployees[Employee ID],0)),"") -> Sales | E89: Education certificate verification | F89: HR | G89: 46314 | I89: Pending | J89: =IF(OR(tblOnboarding[[#This Row],[Status]]="Completed",tblOnboarding[[#This Row],[Due Date]]=""),"No",IF(tblOnboarding[[#This Row],[Due Date]]<ReportDate,"Yes","No")) -> No | K89: =IF(tblOnboarding[[#This Row],[Overdue]]="Yes",ReportDate-tblOnboarding[[#This Row],[Due Date]],"") | L89: =IF(OR(tblOnboarding[[#This Row],[Status]]="Completed",tblOnboarding[[#This Row],[Due Date]]=""),"No",IF(AND(tblOnboarding[[#This Row],[Due Date]]>=ReportDate,tblOnboarding[[#This Row],[Due Date]]<=ReportDate+DueSoonDays),"Yes","No")) -> Yes
A90: OB-089 | B90: WBS-1045 | C90: =IFERROR(INDEX(tblEmployees[Employee Name],MATCH(tblOnboarding[[#This Row],[Employee ID]],tblEmployees[Employee ID],0)),"ID not found") -> Pratik Iyer | D90: =IFERROR(INDEX(tblEmployees[Department],MATCH(tblOnboarding[[#This Row],[Employee ID]],tblEmployees[Employee ID],0)),"") -> Administration | E90: Offer letter acknowledgement | F90: HR | G90: 46301 | H90: 46302 | I90: Completed | J90: =IF(OR(tblOnboarding[[#This Row],[Status]]="Completed",tblOnboarding[[#This Row],[Due Date]]=""),"No",IF(tblOnboarding[[#This Row],[Due Date]]<ReportDate,"Yes","No")) -> No | K90: =IF(tblOnboarding[[#This Row],[Overdue]]="Yes",ReportDate-tblOnboarding[[#This Row],[Due Date]],"") | L90: =IF(OR(tblOnboarding[[#This Row],[Status]]="Completed",tblOnboarding[[#This Row],[Due Date]]=""),"No",IF(AND(tblOnboarding[[#This Row],[Due Date]]>=ReportDate,tblOnboarding[[#This Row],[Due Date]]<=ReportDate+DueSoonDays),"Yes","No")) -> No
A91: OB-090 | B91: WBS-1045 | C91: =IFERROR(INDEX(tblEmployees[Employee Name],MATCH(tblOnboarding[[#This Row],[Employee ID]],tblEmployees[Employee ID],0)),"ID not found") -> Pratik Iyer | D91: =IFERROR(INDEX(tblEmployees[Department],MATCH(tblOnboarding[[#This Row],[Employee ID]],tblEmployees[Employee ID],0)),"") -> Administration | E91: Identity document submission | F91: HR | G91: 46302 | H91: 46307 | I91: Completed | J91: =IF(OR(tblOnboarding[[#This Row],[Status]]="Completed",tblOnboarding[[#This Row],[Due Date]]=""),"No",IF(tblOnboarding[[#This Row],[Due Date]]<ReportDate,"Yes","No")) -> No | K91: =IF(tblOnboarding[[#This Row],[Overdue]]="Yes",ReportDate-tblOnboarding[[#This Row],[Due Date]],"") | L91: =IF(OR(tblOnboarding[[#This Row],[Status]]="Completed",tblOnboarding[[#This Row],[Due Date]]=""),"No",IF(AND(tblOnboarding[[#This Row],[Due Date]]>=ReportDate,tblOnboarding[[#This Row],[Due Date]]<=ReportDate+DueSoonDays),"Yes","No")) -> No | M91: Completed after reminder
A92: OB-091 | B92: WBS-1045 | C92: =IFERROR(INDEX(tblEmployees[Employee Name],MATCH(tblOnboarding[[#This Row],[Employee ID]],tblEmployees[Employee ID],0)),"ID not found") -> Pratik Iyer | D92: =IFERROR(INDEX(tblEmployees[Department],MATCH(tblOnboarding[[#This Row],[Employee ID]],tblEmployees[Employee ID],0)),"") -> Administration | E92: IT account creation | F92: IT | G92: 46301 | H92: 46301 | I92: Completed | J92: =IF(OR(tblOnboarding[[#This Row],[Status]]="Completed",tblOnboarding[[#This Row],[Due Date]]=""),"No",IF(tblOnboarding[[#This Row],[Due Date]]<ReportDate,"Yes","No")) -> No | K92: =IF(tblOnboarding[[#This Row],[Overdue]]="Yes",ReportDate-tblOnboarding[[#This Row],[Due Date]],"") | L92: =IF(OR(tblOnboarding[[#This Row],[Status]]="Completed",tblOnboarding[[#This Row],[Due Date]]=""),"No",IF(AND(tblOnboarding[[#This Row],[Due Date]]>=ReportDate,tblOnboarding[[#This Row],[Due Date]]<=ReportDate+DueSoonDays),"Yes","No")) -> No
A93: OB-092 | B93: WBS-1045 | C93: =IFERROR(INDEX(tblEmployees[Employee Name],MATCH(tblOnboarding[[#This Row],[Employee ID]],tblEmployees[Employee ID],0)),"ID not found") -> Pratik Iyer | D93: =IFERROR(INDEX(tblEmployees[Department],MATCH(tblOnboarding[[#This Row],[Employee ID]],tblEmployees[Employee ID],0)),"") -> Administration | E93: Company policy acknowledgement | F93: HR | G93: 46303 | H93: 46303 | I93: Completed | J93: =IF(OR(tblOnboarding[[#This Row],[Status]]="Completed",tblOnboarding[[#This Row],[Due Date]]=""),"No",IF(tblOnboarding[[#This Row],[Due Date]]<ReportDate,"Yes","No")) -> No | K93: =IF(tblOnboarding[[#This Row],[Overdue]]="Yes",ReportDate-tblOnboarding[[#This Row],[Due Date]],"") | L93: =IF(OR(tblOnboarding[[#This Row],[Status]]="Completed",tblOnboarding[[#This Row],[Due Date]]=""),"No",IF(AND(tblOnboarding[[#This Row],[Due Date]]>=ReportDate,tblOnboarding[[#This Row],[Due Date]]<=ReportDate+DueSoonDays),"Yes","No")) -> No
A94: OB-093 | B94: WBS-1045 | C94: =IFERROR(INDEX(tblEmployees[Employee Name],MATCH(tblOnboarding[[#This Row],[Employee ID]],tblEmployees[Employee ID],0)),"ID not found") -> Pratik Iyer | D94: =IFERROR(INDEX(tblEmployees[Department],MATCH(tblOnboarding[[#This Row],[Employee ID]],tblEmployees[Employee ID],0)),"") -> Administration | E94: HR orientation | F94: HR | G94: 46302 | H94: 46307 | I94: Completed | J94: =IF(OR(tblOnboarding[[#This Row],[Status]]="Completed",tblOnboarding[[#This Row],[Due Date]]=""),"No",IF(tblOnboarding[[#This Row],[Due Date]]<ReportDate,"Yes","No")) -> No | K94: =IF(tblOnboarding[[#This Row],[Overdue]]="Yes",ReportDate-tblOnboarding[[#This Row],[Due Date]],"") | L94: =IF(OR(tblOnboarding[[#This Row],[Status]]="Completed",tblOnboarding[[#This Row],[Due Date]]=""),"No",IF(AND(tblOnboarding[[#This Row],[Due Date]]>=ReportDate,tblOnboarding[[#This Row],[Due Date]]<=ReportDate+DueSoonDays),"Yes","No")) -> No | M94: Delayed - employee on leave
A95: OB-094 | B95: WBS-1045 | C95: =IFERROR(INDEX(tblEmployees[Employee Name],MATCH(tblOnboarding[[#This Row],[Employee ID]],tblEmployees[Employee ID],0)),"ID not found") -> Pratik Iyer | D95: =IFERROR(INDEX(tblEmployees[Department],MATCH(tblOnboarding[[#This Row],[Employee ID]],tblEmployees[Employee ID],0)),"") -> Administration | E95: Bank details submission | F95: Payroll | G95: 46307 | H95: 46307 | I95: Completed | J95: =IF(OR(tblOnboarding[[#This Row],[Status]]="Completed",tblOnboarding[[#This Row],[Due Date]]=""),"No",IF(tblOnboarding[[#This Row],[Due Date]]<ReportDate,"Yes","No")) -> No | K95: =IF(tblOnboarding[[#This Row],[Overdue]]="Yes",ReportDate-tblOnboarding[[#This Row],[Due Date]],"") | L95: =IF(OR(tblOnboarding[[#This Row],[Status]]="Completed",tblOnboarding[[#This Row],[Due Date]]=""),"No",IF(AND(tblOnboarding[[#This Row],[Due Date]]>=ReportDate,tblOnboarding[[#This Row],[Due Date]]<=ReportDate+DueSoonDays),"Yes","No")) -> No
A96: OB-095 | B96: WBS-1045 | C96: =IFERROR(INDEX(tblEmployees[Employee Name],MATCH(tblOnboarding[[#This Row],[Employee ID]],tblEmployees[Employee ID],0)),"ID not found") -> Pratik Iyer | D96: =IFERROR(INDEX(tblEmployees[Department],MATCH(tblOnboarding[[#This Row],[Employee ID]],tblEmployees[Employee ID],0)),"") -> Administration | E96: Department induction | F96: Reporting Manager | G96: 46307 | I96: Pending | J96: =IF(OR(tblOnboarding[[#This Row],[Status]]="Completed",tblOnboarding[[#This Row],[Due Date]]=""),"No",IF(tblOnboarding[[#This Row],[Due Date]]<ReportDate,"Yes","No")) -> Yes | K96: =IF(tblOnboarding[[#This Row],[Overdue]]="Yes",ReportDate-tblOnboarding[[#This Row],[Due Date]],"") -> 4 | L96: =IF(OR(tblOnboarding[[#This Row],[Status]]="Completed",tblOnboarding[[#This Row],[Due Date]]=""),"No",IF(AND(tblOnboarding[[#This Row],[Due Date]]>=ReportDate,tblOnboarding[[#This Row],[Due Date]]<=ReportDate+DueSoonDays),"Yes","No")) -> No | M96: Induction plan shared with manager 13-Oct
A97: OB-096 | B97: WBS-1045 | C97: =IFERROR(INDEX(tblEmployees[Employee Name],MATCH(tblOnboarding[[#This Row],[Employee ID]],tblEmployees[Employee ID],0)),"ID not found") -> Pratik Iyer | D97: =IFERROR(INDEX(tblEmployees[Department],MATCH(tblOnboarding[[#This Row],[Employee ID]],tblEmployees[Employee ID],0)),"") -> Administration | E97: Education certificate verification | F97: HR | G97: 46314 | I97: In Progress | J97: =IF(OR(tblOnboarding[[#This Row],[Status]]="Completed",tblOnboarding[[#This Row],[Due Date]]=""),"No",IF(tblOnboarding[[#This Row],[Due Date]]<ReportDate,"Yes","No")) -> No | K97: =IF(tblOnboarding[[#This Row],[Overdue]]="Yes",ReportDate-tblOnboarding[[#This Row],[Due Date]],"") | L97: =IF(OR(tblOnboarding[[#This Row],[Status]]="Completed",tblOnboarding[[#This Row],[Due Date]]=""),"No",IF(AND(tblOnboarding[[#This Row],[Due Date]]>=ReportDate,tblOnboarding[[#This Row],[Due Date]]<=ReportDate+DueSoonDays),"Yes","No")) -> Yes
A98: OB-097 | B98: WBS-1046 | C98: =IFERROR(INDEX(tblEmployees[Employee Name],MATCH(tblOnboarding[[#This Row],[Employee ID]],tblEmployees[Employee ID],0)),"ID not found") -> Kavya Pawar | D98: =IFERROR(INDEX(tblEmployees[Department],MATCH(tblOnboarding[[#This Row],[Employee ID]],tblEmployees[Employee ID],0)),"") -> Information Technology | E98: Offer letter acknowledgement | F98: HR | G98: 46304 | H98: 46309 | I98: Completed | J98: =IF(OR(tblOnboarding[[#This Row],[Status]]="Completed",tblOnboarding[[#This Row],[Due Date]]=""),"No",IF(tblOnboarding[[#This Row],[Due Date]]<ReportDate,"Yes","No")) -> No | K98: =IF(tblOnboarding[[#This Row],[Overdue]]="Yes",ReportDate-tblOnboarding[[#This Row],[Due Date]],"") | L98: =IF(OR(tblOnboarding[[#This Row],[Status]]="Completed",tblOnboarding[[#This Row],[Due Date]]=""),"No",IF(AND(tblOnboarding[[#This Row],[Due Date]]>=ReportDate,tblOnboarding[[#This Row],[Due Date]]<=ReportDate+DueSoonDays),"Yes","No")) -> No
A99: OB-098 | B99: WBS-1046 | C99: =IFERROR(INDEX(tblEmployees[Employee Name],MATCH(tblOnboarding[[#This Row],[Employee ID]],tblEmployees[Employee ID],0)),"ID not found") -> Kavya Pawar | D99: =IFERROR(INDEX(tblEmployees[Department],MATCH(tblOnboarding[[#This Row],[Employee ID]],tblEmployees[Employee ID],0)),"") -> Information Technology | E99: Identity document submission | F99: HR | G99: 46307 | H99: 46307 | I99: Completed | J99: =IF(OR(tblOnboarding[[#This Row],[Status]]="Completed",tblOnboarding[[#This Row],[Due Date]]=""),"No",IF(tblOnboarding[[#This Row],[Due Date]]<ReportDate,"Yes","No")) -> No | K99: =IF(tblOnboarding[[#This Row],[Overdue]]="Yes",ReportDate-tblOnboarding[[#This Row],[Due Date]],"") | L99: =IF(OR(tblOnboarding[[#This Row],[Status]]="Completed",tblOnboarding[[#This Row],[Due Date]]=""),"No",IF(AND(tblOnboarding[[#This Row],[Due Date]]>=ReportDate,tblOnboarding[[#This Row],[Due Date]]<=ReportDate+DueSoonDays),"Yes","No")) -> No
A100: OB-099 | B100: WBS-1046 | C100: =IFERROR(INDEX(tblEmployees[Employee Name],MATCH(tblOnboarding[[#This Row],[Employee ID]],tblEmployees[Employee ID],0)),"ID not found") -> Kavya Pawar | D100: =IFERROR(INDEX(tblEmployees[Department],MATCH(tblOnboarding[[#This Row],[Employee ID]],tblEmployees[Employee ID],0)),"") -> Information Technology | E100: IT account creation | F100: IT | G100: 46304 | H100: 46307 | I100: Completed | J100: =IF(OR(tblOnboarding[[#This Row],[Status]]="Completed",tblOnboarding[[#This Row],[Due Date]]=""),"No",IF(tblOnboarding[[#This Row],[Due Date]]<ReportDate,"Yes","No")) -> No | K100: =IF(tblOnboarding[[#This Row],[Overdue]]="Yes",ReportDate-tblOnboarding[[#This Row],[Due Date]],"") | L100: =IF(OR(tblOnboarding[[#This Row],[Status]]="Completed",tblOnboarding[[#This Row],[Due Date]]=""),"No",IF(AND(tblOnboarding[[#This Row],[Due Date]]>=ReportDate,tblOnboarding[[#This Row],[Due Date]]<=ReportDate+DueSoonDays),"Yes","No")) -> No
...

Sheet Document Checklist
A1: Employee ID | B1: Employee Name | C1: Document Type | D1: Submission Status | E1: Verification Status | F1: Document Status | G1: Remarks
A2: WBS-1033 | B2: =IFERROR(INDEX(tblEmployees[Employee Name],MATCH(tblDocuments[[#This Row],[Employee ID]],tblEmployees[Employee ID],0)),"ID not found") -> Siddharth Agarwal | C2: Identity Proof | D2: Submitted | E2: Verified | F2: =IF(tblDocuments[[#This Row],[Submission Status]]<>"Submitted","Not Submitted",IF(tblDocuments[[#This Row],[Verification Status]]="Verified","Verified",IF(tblDocuments[[#This Row],[Verification Status]]="Needs Resubmission","Needs Resubmission","Awaiting Verification"))) -> Verified
A3: WBS-1033 | B3: =IFERROR(INDEX(tblEmployees[Employee Name],MATCH(tblDocuments[[#This Row],[Employee ID]],tblEmployees[Employee ID],0)),"ID not found") -> Siddharth Agarwal | C3: Address Proof | D3: Submitted | E3: Verified | F3: =IF(tblDocuments[[#This Row],[Submission Status]]<>"Submitted","Not Submitted",IF(tblDocuments[[#This Row],[Verification Status]]="Verified","Verified",IF(tblDocuments[[#This Row],[Verification Status]]="Needs Resubmission","Needs Resubmission","Awaiting Verification"))) -> Verified
A4: WBS-1033 | B4: =IFERROR(INDEX(tblEmployees[Employee Name],MATCH(tblDocuments[[#This Row],[Employee ID]],tblEmployees[Employee ID],0)),"ID not found") -> Siddharth Agarwal | C4: Education Certificates | D4: Submitted | E4: Not Verified | F4: =IF(tblDocuments[[#This Row],[Submission Status]]<>"Submitted","Not Submitted",IF(tblDocuments[[#This Row],[Verification Status]]="Verified","Verified",IF(tblDocuments[[#This Row],[Verification Status]]="Needs Resubmission","Needs Resubmission","Awaiting Verification"))) -> Awaiting Verification | G4: Sent to verification agency
A5: WBS-1033 | B5: =IFERROR(INDEX(tblEmployees[Employee Name],MATCH(tblDocuments[[#This Row],[Employee ID]],tblEmployees[Employee ID],0)),"ID not found") -> Siddharth Agarwal | C5: Bank Account Proof | D5: Submitted | E5: Not Verified | F5: =IF(tblDocuments[[#This Row],[Submission Status]]<>"Submitted","Not Submitted",IF(tblDocuments[[#This Row],[Verification Status]]="Verified","Verified",IF(tblDocuments[[#This Row],[Verification Status]]="Needs Resubmission","Needs Resubmission","Awaiting Verification"))) -> Awaiting Verification
A6: WBS-1034 | B6: =IFERROR(INDEX(tblEmployees[Employee Name],MATCH(tblDocuments[[#This Row],[Employee ID]],tblEmployees[Employee ID],0)),"ID not found") -> Karan Pawar | C6: Identity Proof | D6: Submitted | E6: Needs Resubmission | F6: =IF(tblDocuments[[#This Row],[Submission Status]]<>"Submitted","Not Submitted",IF(tblDocuments[[#This Row],[Verification Status]]="Verified","Verified",IF(tblDocuments[[#This Row],[Verification Status]]="Needs Resubmission","Needs Resubmission","Awaiting Verification"))) -> Needs Resubmission | G6: Name spelling differs from offer letter - resubmission requested
A7: WBS-1034 | B7: =IFERROR(INDEX(tblEmployees[Employee Name],MATCH(tblDocuments[[#This Row],[Employee ID]],tblEmployees[Employee ID],0)),"ID not found") -> Karan Pawar | C7: Address Proof | D7: Submitted | E7: Verified | F7: =IF(tblDocuments[[#This Row],[Submission Status]]<>"Submitted","Not Submitted",IF(tblDocuments[[#This Row],[Verification Status]]="Verified","Verified",IF(tblDocuments[[#This Row],[Verification Status]]="Needs Resubmission","Needs Resubmission","Awaiting Verification"))) -> Verified
A8: WBS-1034 | B8: =IFERROR(INDEX(tblEmployees[Employee Name],MATCH(tblDocuments[[#This Row],[Employee ID]],tblEmployees[Employee ID],0)),"ID not found") -> Karan Pawar | C8: Education Certificates | D8: Submitted | E8: Verified | F8: =IF(tblDocuments[[#This Row],[Submission Status]]<>"Submitted","Not Submitted",IF(tblDocuments[[#This Row],[Verification Status]]="Verified","Verified",IF(tblDocuments[[#This Row],[Verification Status]]="Needs Resubmission","Needs Resubmission","Awaiting Verification"))) -> Verified
A9: WBS-1034 | B9: =IFERROR(INDEX(tblEmployees[Employee Name],MATCH(tblDocuments[[#This Row],[Employee ID]],tblEmployees[Employee ID],0)),"ID not found") -> Karan Pawar | C9: Bank Account Proof | D9: Submitted | E9: Verified | F9: =IF(tblDocuments[[#This Row],[Submission Status]]<>"Submitted","Not Submitted",IF(tblDocuments[[#This Row],[Verification Status]]="Verified","Verified",IF(tblDocuments[[#This Row],[Verification Status]]="Needs Resubmission","Needs Resubmission","Awaiting Verification"))) -> Verified
A10: WBS-1035 | B10: =IFERROR(INDEX(tblEmployees[Employee Name],MATCH(tblDocuments[[#This Row],[Employee ID]],tblEmployees[Employee ID],0)),"ID not found") -> Tushar Banerjee | C10: Identity Proof | D10: Submitted | E10: Verified | F10: =IF(tblDocuments[[#This Row],[Submission Status]]<>"Submitted","Not Submitted",IF(tblDocuments[[#This Row],[Verification Status]]="Verified","Verified",IF(tblDocuments[[#This Row],[Verification Status]]="Needs Resubmission","Needs Resubmission","Awaiting Verification"))) -> Verified
A11: WBS-1035 | B11: =IFERROR(INDEX(tblEmployees[Employee Name],MATCH(tblDocuments[[#This Row],[Employee ID]],tblEmployees[Employee ID],0)),"ID not found") -> Tushar Banerjee | C11: Address Proof | D11: Submitted | E11: Verified | F11: =IF(tblDocuments[[#This Row],[Submission Status]]<>"Submitted","Not Submitted",IF(tblDocuments[[#This Row],[Verification Status]]="Verified","Verified",IF(tblDocuments[[#This Row],[Verification Status]]="Needs Resubmission","Needs Resubmission","Awaiting Verification"))) -> Verified
A12: WBS-1035 | B12: =IFERROR(INDEX(tblEmployees[Employee Name],MATCH(tblDocuments[[#This Row],[Employee ID]],tblEmployees[Employee ID],0)),"ID not found") -> Tushar Banerjee | C12: Education Certificates | D12: Submitted | E12: Verified | F12: =IF(tblDocuments[[#This Row],[Submission Status]]<>"Submitted","Not Submitted",IF(tblDocuments[[#This Row],[Verification Status]]="Verified","Verified",IF(tblDocuments[[#This Row],[Verification Status]]="Needs Resubmission","Needs Resubmission","Awaiting Verification"))) -> Verified
A13: WBS-1035 | B13: =IFERROR(INDEX(tblEmployees[Employee Name],MATCH(tblDocuments[[#This Row],[Employee ID]],tblEmployees[Employee ID],0)),"ID not found") -> Tushar Banerjee | C13: Bank Account Proof | D13: Not Submitted | E13: Not Verified | F13: =IF(tblDocuments[[#This Row],[Submission Status]]<>"Submitted","Not Submitted",IF(tblDocuments[[#This Row],[Verification Status]]="Verified","Verified",IF(tblDocuments[[#This Row],[Verification Status]]="Needs Resubmission","Needs Resubmission","Awaiting Verification"))) -> Not Submitted | G13: Cheque / passbook copy awaited
A14: WBS-1036 | B14: =IFERROR(INDEX(tblEmployees[Employee Name],MATCH(tblDocuments[[#This Row],[Employee ID]],tblEmployees[Employee ID],0)),"ID not found") -> Priya Kadam | C14: Identity Proof | D14: Not Submitted | E14: Not Verified | F14: =IF(tblDocuments[[#This Row],[Submission Status]]<>"Submitted","Not Submitted",IF(tblDocuments[[#This Row],[Verification Status]]="Verified","Verified",IF(tblDocuments[[#This Row],[Verification Status]]="Needs Resubmission","Needs Resubmission","Awaiting Verification"))) -> Not Submitted | G14: Reminder sent 14-Oct
A15: WBS-1036 | B15: =IFERROR(INDEX(tblEmployees[Employee Name],MATCH(tblDocuments[[#This Row],[Employee ID]],tblEmployees[Employee ID],0)),"ID not found") -> Priya Kadam | C15: Address Proof | D15: Submitted | E15: Verified | F15: =IF(tblDocuments[[#This Row],[Submission Status]]<>"Submitted","Not Submitted",IF(tblDocuments[[#This Row],[Verification Status]]="Verified","Verified",IF(tblDocuments[[#This Row],[Verification Status]]="Needs Resubmission","Needs Resubmission","Awaiting Verification"))) -> Verified
A16: WBS-1036 | B16: =IFERROR(INDEX(tblEmployees[Employee Name],MATCH(tblDocuments[[#This Row],[Employee ID]],tblEmployees[Employee ID],0)),"ID not found") -> Priya Kadam | C16: Education Certificates | D16: Not Submitted | E16: Not Verified | F16: =IF(tblDocuments[[#This Row],[Submission Status]]<>"Submitted","Not Submitted",IF(tblDocuments[[#This Row],[Verification Status]]="Verified","Verified",IF(tblDocuments[[#This Row],[Verification Status]]="Needs Resubmission","Needs Resubmission","Awaiting Verification"))) -> Not Submitted | G16: Certificate copy awaited
A17: WBS-1036 | B17: =IFERROR(INDEX(tblEmployees[Employee Name],MATCH(tblDocuments[[#This Row],[Employee ID]],tblEmployees[Employee ID],0)),"ID not found") -> Priya Kadam | C17: Bank Account Proof | D17: Not Submitted | E17: Not Verified | F17: =IF(tblDocuments[[#This Row],[Submission Status]]<>"Submitted","Not Submitted",IF(tblDocuments[[#This Row],[Verification Status]]="Verified","Verified",IF(tblDocuments[[#This Row],[Verification Status]]="Needs Resubmission","Needs Resubmission","Awaiting Verification"))) -> Not Submitted | G17: Cheque / passbook copy awaited
A18: WBS-1037 | B18: =IFERROR(INDEX(tblEmployees[Employee Name],MATCH(tblDocuments[[#This Row],[Employee ID]],tblEmployees[Employee ID],0)),"ID not found") -> Pooja Thakur | C18: Identity Proof | D18: Submitted | E18: Verified | F18: =IF(tblDocuments[[#This Row],[Submission Status]]<>"Submitted","Not Submitted",IF(tblDocuments[[#This Row],[Verification Status]]="Verified","Verified",IF(tblDocuments[[#This Row],[Verification Status]]="Needs Resubmission","Needs Resubmission","Awaiting Verification"))) -> Verified
A19: WBS-1037 | B19: =IFERROR(INDEX(tblEmployees[Employee Name],MATCH(tblDocuments[[#This Row],[Employee ID]],tblEmployees[Employee ID],0)),"ID not found") -> Pooja Thakur | C19: Address Proof | D19: Submitted | E19: Verified | F19: =IF(tblDocuments[[#This Row],[Submission Status]]<>"Submitted","Not Submitted",IF(tblDocuments[[#This Row],[Verification Status]]="Verified","Verified",IF(tblDocuments[[#This Row],[Verification Status]]="Needs Resubmission","Needs Resubmission","Awaiting Verification"))) -> Verified
A20: WBS-1037 | B20: =IFERROR(INDEX(tblEmployees[Employee Name],MATCH(tblDocuments[[#This Row],[Employee ID]],tblEmployees[Employee ID],0)),"ID not found") -> Pooja Thakur | C20: Education Certificates | D20: Submitted | E20: Not Verified | F20: =IF(tblDocuments[[#This Row],[Submission Status]]<>"Submitted","Not Submitted",IF(tblDocuments[[#This Row],[Verification Status]]="Verified","Verified",IF(tblDocuments[[#This Row],[Verification Status]]="Needs Resubmission","Needs Resubmission","Awaiting Verification"))) -> Awaiting Verification | G20: Sent to verification agency
A21: WBS-1037 | B21: =IFERROR(INDEX(tblEmployees[Employee Name],MATCH(tblDocuments[[#This Row],[Employee ID]],tblEmployees[Employee ID],0)),"ID not found") -> Pooja Thakur | C21: Bank Account Proof | D21: Submitted | E21: Verified | F21: =IF(tblDocuments[[#This Row],[Submission Status]]<>"Submitted","Not Submitted",IF(tblDocuments[[#This Row],[Verification Status]]="Verified","Verified",IF(tblDocuments[[#This Row],[Verification Status]]="Needs Resubmission","Needs Resubmission","Awaiting Verification"))) -> Verified
A22: WBS-1038 | B22: =IFERROR(INDEX(tblEmployees[Employee Name],MATCH(tblDocuments[[#This Row],[Employee ID]],tblEmployees[Employee ID],0)),"ID not found") -> Vaishnavi Pillai | C22: Identity Proof | D22: Submitted | E22: Verified | F22: =IF(tblDocuments[[#This Row],[Submission Status]]<>"Submitted","Not Submitted",IF(tblDocuments[[#This Row],[Verification Status]]="Verified","Verified",IF(tblDocuments[[#This Row],[Verification Status]]="Needs Resubmission","Needs Resubmission","Awaiting Verification"))) -> Verified
A23: WBS-1038 | B23: =IFERROR(INDEX(tblEmployees[Employee Name],MATCH(tblDocuments[[#This Row],[Employee ID]],tblEmployees[Employee ID],0)),"ID not found") -> Vaishnavi Pillai | C23: Address Proof | D23: Submitted | E23: Verified | F23: =IF(tblDocuments[[#This Row],[Submission Status]]<>"Submitted","Not Submitted",IF(tblDocuments[[#This Row],[Verification Status]]="Verified","Verified",IF(tblDocuments[[#This Row],[Verification Status]]="Needs Resubmission","Needs Resubmission","Awaiting Verification"))) -> Verified
A24: WBS-1038 | B24: =IFERROR(INDEX(tblEmployees[Employee Name],MATCH(tblDocuments[[#This Row],[Employee ID]],tblEmployees[Employee ID],0)),"ID not found") -> Vaishnavi Pillai | C24: Education Certificates | D24: Submitted | E24: Not Verified | F24: =IF(tblDocuments[[#This Row],[Submission Status]]<>"Submitted","Not Submitted",IF(tblDocuments[[#This Row],[Verification Status]]="Verified","Verified",IF(tblDocuments[[#This Row],[Verification Status]]="Needs Resubmission","Needs Resubmission","Awaiting Verification"))) -> Awaiting Verification | G24: Sent to verification agency
A25: WBS-1038 | B25: =IFERROR(INDEX(tblEmployees[Employee Name],MATCH(tblDocuments[[#This Row],[Employee ID]],tblEmployees[Employee ID],0)),"ID not found") -> Vaishnavi Pillai | C25: Bank Account Proof | D25: Submitted | E25: Verified | F25: =IF(tblDocuments[[#This Row],[Submission Status]]<>"Submitted","Not Submitted",IF(tblDocuments[[#This Row],[Verification Status]]="Verified","Verified",IF(tblDocuments[[#This Row],[Verification Status]]="Needs Resubmission","Needs Resubmission","Awaiting Verification"))) -> Verified
A26: WBS-1039 | B26: =IFERROR(INDEX(tblEmployees[Employee Name],MATCH(tblDocuments[[#This Row],[Employee ID]],tblEmployees[Employee ID],0)),"ID not found") -> Manoj Nair | C26: Identity Proof | D26: Submitted | E26: Verified | F26: =IF(tblDocuments[[#This Row],[Submission Status]]<>"Submitted","Not Submitted",IF(tblDocuments[[#This Row],[Verification Status]]="Verified","Verified",IF(tblDocuments[[#This Row],[Verification Status]]="Needs Resubmission","Needs Resubmission","Awaiting Verification"))) -> Verified
A27: WBS-1039 | B27: =IFERROR(INDEX(tblEmployees[Employee Name],MATCH(tblDocuments[[#This Row],[Employee ID]],tblEmployees[Employee ID],0)),"ID not found") -> Manoj Nair | C27: Address Proof | D27: Submitted | E27: Verified | F27: =IF(tblDocuments[[#This Row],[Submission Status]]<>"Submitted","Not Submitted",IF(tblDocuments[[#This Row],[Verification Status]]="Verified","Verified",IF(tblDocuments[[#This Row],[Verification Status]]="Needs Resubmission","Needs Resubmission","Awaiting Verification"))) -> Verified
A28: WBS-1039 | B28: =IFERROR(INDEX(tblEmployees[Employee Name],MATCH(tblDocuments[[#This Row],[Employee ID]],tblEmployees[Employee ID],0)),"ID not found") -> Manoj Nair | C28: Education Certificates | D28: Submitted | E28: Verified | F28: =IF(tblDocuments[[#This Row],[Submission Status]]<>"Submitted","Not Submitted",IF(tblDocuments[[#This Row],[Verification Status]]="Verified","Verified",IF(tblDocuments[[#This Row],[Verification Status]]="Needs Resubmission","Needs Resubmission","Awaiting Verification"))) -> Verified
A29: WBS-1039 | B29: =IFERROR(INDEX(tblEmployees[Employee Name],MATCH(tblDocuments[[#This Row],[Employee ID]],tblEmployees[Employee ID],0)),"ID not found") -> Manoj Nair | C29: Bank Account Proof | D29: Submitted | E29: Verified | F29: =IF(tblDocuments[[#This Row],[Submission Status]]<>"Submitted","Not Submitted",IF(tblDocuments[[#This Row],[Verification Status]]="Verified","Verified",IF(tblDocuments[[#This Row],[Verification Status]]="Needs Resubmission","Needs Resubmission","Awaiting Verification"))) -> Verified
A30: WBS-1040 | B30: =IFERROR(INDEX(tblEmployees[Employee Name],MATCH(tblDocuments[[#This Row],[Employee ID]],tblEmployees[Employee ID],0)),"ID not found") -> Amey Joshi | C30: Identity Proof | D30: Submitted | E30: Verified | F30: =IF(tblDocuments[[#This Row],[Submission Status]]<>"Submitted","Not Submitted",IF(tblDocuments[[#This Row],[Verification Status]]="Verified","Verified",IF(tblDocuments[[#This Row],[Verification Status]]="Needs Resubmission","Needs Resubmission","Awaiting Verification"))) -> Verified
A31: WBS-1040 | B31: =IFERROR(INDEX(tblEmployees[Employee Name],MATCH(tblDocuments[[#This Row],[Employee ID]],tblEmployees[Employee ID],0)),"ID not found") -> Amey Joshi | C31: Address Proof | D31: Submitted | E31: Not Verified | F31: =IF(tblDocuments[[#This Row],[Submission Status]]<>"Submitted","Not Submitted",IF(tblDocuments[[#This Row],[Verification Status]]="Verified","Verified",IF(tblDocuments[[#This Row],[Verification Status]]="Needs Resubmission","Needs Resubmission","Awaiting Verification"))) -> Awaiting Verification
A32: WBS-1040 | B32: =IFERROR(INDEX(tblEmployees[Employee Name],MATCH(tblDocuments[[#This Row],[Employee ID]],tblEmployees[Employee ID],0)),"ID not found") -> Amey Joshi | C32: Education Certificates | D32: Submitted | E32: Verified | F32: =IF(tblDocuments[[#This Row],[Submission Status]]<>"Submitted","Not Submitted",IF(tblDocuments[[#This Row],[Verification Status]]="Verified","Verified",IF(tblDocuments[[#This Row],[Verification Status]]="Needs Resubmission","Needs Resubmission","Awaiting Verification"))) -> Verified
A33: WBS-1040 | B33: =IFERROR(INDEX(tblEmployees[Employee Name],MATCH(tblDocuments[[#This Row],[Employee ID]],tblEmployees[Employee ID],0)),"ID not found") -> Amey Joshi | C33: Bank Account Proof | D33: Submitted | E33: Needs Resubmission | F33: =IF(tblDocuments[[#This Row],[Submission Status]]<>"Submitted","Not Submitted",IF(tblDocuments[[#This Row],[Verification Status]]="Verified","Verified",IF(tblDocuments[[#This Row],[Verification Status]]="Needs Resubmission","Needs Resubmission","Awaiting Verification"))) -> Needs Resubmission | G33: Cheque image unclear - re-upload requested
A34: WBS-1041 | B34: =IFERROR(INDEX(tblEmployees[Employee Name],MATCH(tblDocuments[[#This Row],[Employee ID]],tblEmployees[Employee ID],0)),"ID not found") -> Pranav Phadke | C34: Identity Proof | D34: Submitted | E34: Verified | F34: =IF(tblDocuments[[#This Row],[Submission Status]]<>"Submitted","Not Submitted",IF(tblDocuments[[#This Row],[Verification Status]]="Verified","Verified",IF(tblDocuments[[#This Row],[Verification Status]]="Needs Resubmission","Needs Resubmission","Awaiting Verification"))) -> Verified
A35: WBS-1041 | B35: =IFERROR(INDEX(tblEmployees[Employee Name],MATCH(tblDocuments[[#This Row],[Employee ID]],tblEmployees[Employee ID],0)),"ID not found") -> Pranav Phadke | C35: Address Proof | D35: Submitted | E35: Verified | F35: =IF(tblDocuments[[#This Row],[Submission Status]]<>"Submitted","Not Submitted",IF(tblDocuments[[#This Row],[Verification Status]]="Verified","Verified",IF(tblDocuments[[#This Row],[Verification Status]]="Needs Resubmission","Needs Resubmission","Awaiting Verification"))) -> Verified
A36: WBS-1041 | B36: =IFERROR(INDEX(tblEmployees[Employee Name],MATCH(tblDocuments[[#This Row],[Employee ID]],tblEmployees[Employee ID],0)),"ID not found") -> Pranav Phadke | C36: Education Certificates | D36: Submitted | E36: Not Verified | F36: =IF(tblDocuments[[#This Row],[Submission Status]]<>"Submitted","Not Submitted",IF(tblDocuments[[#This Row],[Verification Status]]="Verified","Verified",IF(tblDocuments[[#This Row],[Verification Status]]="Needs Resubmission","Needs Resubmission","Awaiting Verification"))) -> Awaiting Verification
A37: WBS-1041 | B37: =IFERROR(INDEX(tblEmployees[Employee Name],MATCH(tblDocuments[[#This Row],[Employee ID]],tblEmployees[Employee ID],0)),"ID not found") -> Pranav Phadke | C37: Bank Account Proof | D37: Submitted | E37: Verified | F37: =IF(tblDocuments[[#This Row],[Submission Status]]<>"Submitted","Not Submitted",IF(tblDocuments[[#This Row],[Verification Status]]="Verified","Verified",IF(tblDocuments[[#This Row],[Verification Status]]="Needs Resubmission","Needs Resubmission","Awaiting Verification"))) -> Verified
A38: WBS-1043 | B38: =IFERROR(INDEX(tblEmployees[Employee Name],MATCH(tblDocuments[[#This Row],[Employee ID]],tblEmployees[Employee ID],0)),"ID not found") -> Shruti Bansal | C38: Identity Proof | D38: Submitted | E38: Verified | F38: =IF(tblDocuments[[#This Row],[Submission Status]]<>"Submitted","Not Submitted",IF(tblDocuments[[#This Row],[Verification Status]]="Verified","Verified",IF(tblDocuments[[#This Row],[Verification Status]]="Needs Resubmission","Needs Resubmission","Awaiting Verification"))) -> Verified
A39: WBS-1043 | B39: =IFERROR(INDEX(tblEmployees[Employee Name],MATCH(tblDocuments[[#This Row],[Employee ID]],tblEmployees[Employee ID],0)),"ID not found") -> Shruti Bansal | C39: Address Proof | D39: Submitted | E39: Verified | F39: =IF(tblDocuments[[#This Row],[Submission Status]]<>"Submitted","Not Submitted",IF(tblDocuments[[#This Row],[Verification Status]]="Verified","Verified",IF(tblDocuments[[#This Row],[Verification Status]]="Needs Resubmission","Needs Resubmission","Awaiting Verification"))) -> Verified
A40: WBS-1043 | B40: =IFERROR(INDEX(tblEmployees[Employee Name],MATCH(tblDocuments[[#This Row],[Employee ID]],tblEmployees[Employee ID],0)),"ID not found") -> Shruti Bansal | C40: Education Certificates | D40: Submitted | E40: Not Verified | F40: =IF(tblDocuments[[#This Row],[Submission Status]]<>"Submitted","Not Submitted",IF(tblDocuments[[#This Row],[Verification Status]]="Verified","Verified",IF(tblDocuments[[#This Row],[Verification Status]]="Needs Resubmission","Needs Resubmission","Awaiting Verification"))) -> Awaiting Verification
A41: WBS-1043 | B41: =IFERROR(INDEX(tblEmployees[Employee Name],MATCH(tblDocuments[[#This Row],[Employee ID]],tblEmployees[Employee ID],0)),"ID not found") -> Shruti Bansal | C41: Bank Account Proof | D41: Not Submitted | E41: Not Verified | F41: =IF(tblDocuments[[#This Row],[Submission Status]]<>"Submitted","Not Submitted",IF(tblDocuments[[#This Row],[Verification Status]]="Verified","Verified",IF(tblDocuments[[#This Row],[Verification Status]]="Needs Resubmission","Needs Resubmission","Awaiting Verification"))) -> Not Submitted | G41: Cheque / passbook copy awaited
A42: WBS-1044 | B42: =IFERROR(INDEX(tblEmployees[Employee Name],MATCH(tblDocuments[[#This Row],[Employee ID]],tblEmployees[Employee ID],0)),"ID not found") -> Rutuja Sawant | C42: Identity Proof | D42: Submitted | E42: Verified | F42: =IF(tblDocuments[[#This Row],[Submission Status]]<>"Submitted","Not Submitted",IF(tblDocuments[[#This Row],[Verification Status]]="Verified","Verified",IF(tblDocuments[[#This Row],[Verification Status]]="Needs Resubmission","Needs Resubmission","Awaiting Verification"))) -> Verified
A43: WBS-1044 | B43: =IFERROR(INDEX(tblEmployees[Employee Name],MATCH(tblDocuments[[#This Row],[Employee ID]],tblEmployees[Employee ID],0)),"ID not found") -> Rutuja Sawant | C43: Address Proof | D43: Submitted | E43: Verified | F43: =IF(tblDocuments[[#This Row],[Submission Status]]<>"Submitted","Not Submitted",IF(tblDocuments[[#This Row],[Verification Status]]="Verified","Verified",IF(tblDocuments[[#This Row],[Verification Status]]="Needs Resubmission","Needs Resubmission","Awaiting Verification"))) -> Verified
A44: WBS-1044 | B44: =IFERROR(INDEX(tblEmployees[Employee Name],MATCH(tblDocuments[[#This Row],[Employee ID]],tblEmployees[Employee ID],0)),"ID not found") -> Rutuja Sawant | C44: Education Certificates | D44: Not Submitted | E44: Not Verified | F44: =IF(tblDocuments[[#This Row],[Submission Status]]<>"Submitted","Not Submitted",IF(tblDocuments[[#This Row],[Verification Status]]="Verified","Verified",IF(tblDocuments[[#This Row],[Verification Status]]="Needs Resubmission","Needs Resubmission","Awaiting Verification"))) -> Not Submitted
A45: WBS-1044 | B45: =IFERROR(INDEX(tblEmployees[Employee Name],MATCH(tblDocuments[[#This Row],[Employee ID]],tblEmployees[Employee ID],0)),"ID not found") -> Rutuja Sawant | C45: Bank Account Proof | D45: Submitted | E45: Verified | F45: =IF(tblDocuments[[#This Row],[Submission Status]]<>"Submitted","Not Submitted",IF(tblDocuments[[#This Row],[Verification Status]]="Verified","Verified",IF(tblDocuments[[#This Row],[Verification Status]]="Needs Resubmission","Needs Resubmission","Awaiting Verification"))) -> Verified
A46: WBS-1045 | B46: =IFERROR(INDEX(tblEmployees[Employee Name],MATCH(tblDocuments[[#This Row],[Employee ID]],tblEmployees[Employee ID],0)),"ID not found") -> Pratik Iyer | C46: Identity Proof | D46: Submitted | E46: Verified | F46: =IF(tblDocuments[[#This Row],[Submission Status]]<>"Submitted","Not Submitted",IF(tblDocuments[[#This Row],[Verification Status]]="Verified","Verified",IF(tblDocuments[[#This Row],[Verification Status]]="Needs Resubmission","Needs Resubmission","Awaiting Verification"))) -> Verified
A47: WBS-1045 | B47: =IFERROR(INDEX(tblEmployees[Employee Name],MATCH(tblDocuments[[#This Row],[Employee ID]],tblEmployees[Employee ID],0)),"ID not found") -> Pratik Iyer | C47: Address Proof | D47: Submitted | E47: Verified | F47: =IF(tblDocuments[[#This Row],[Submission Status]]<>"Submitted","Not Submitted",IF(tblDocuments[[#This Row],[Verification Status]]="Verified","Verified",IF(tblDocuments[[#This Row],[Verification Status]]="Needs Resubmission","Needs Resubmission","Awaiting Verification"))) -> Verified
A48: WBS-1045 | B48: =IFERROR(INDEX(tblEmployees[Employee Name],MATCH(tblDocuments[[#This Row],[Employee ID]],tblEmployees[Employee ID],0)),"ID not found") -> Pratik Iyer | C48: Education Certificates | D48: Submitted | E48: Not Verified | F48: =IF(tblDocuments[[#This Row],[Submission Status]]<>"Submitted","Not Submitted",IF(tblDocuments[[#This Row],[Verification Status]]="Verified","Verified",IF(tblDocuments[[#This Row],[Verification Status]]="Needs Resubmission","Needs Resubmission","Awaiting Verification"))) -> Awaiting Verification | G48: Sent to verification agency
A49: WBS-1045 | B49: =IFERROR(INDEX(tblEmployees[Employee Name],MATCH(tblDocuments[[#This Row],[Employee ID]],tblEmployees[Employee ID],0)),"ID not found") -> Pratik Iyer | C49: Bank Account Proof | D49: Submitted | E49: Verified | F49: =IF(tblDocuments[[#This Row],[Submission Status]]<>"Submitted","Not Submitted",IF(tblDocuments[[#This Row],[Verification Status]]="Verified","Verified",IF(tblDocuments[[#This Row],[Verification Status]]="Needs Resubmission","Needs Resubmission","Awaiting Verification"))) -> Verified
A50: WBS-1046 | B50: =IFERROR(INDEX(tblEmployees[Employee Name],MATCH(tblDocuments[[#This Row],[Employee ID]],tblEmployees[Employee ID],0)),"ID not found") -> Kavya Pawar | C50: Identity Proof | D50: Submitted | E50: Verified | F50: =IF(tblDocuments[[#This Row],[Submission Status]]<>"Submitted","Not Submitted",IF(tblDocuments[[#This Row],[Verification Status]]="Verified","Verified",IF(tblDocuments[[#This Row],[Verification Status]]="Needs Resubmission","Needs Resubmission","Awaiting Verification"))) -> Verified
A51: WBS-1046 | B51: =IFERROR(INDEX(tblEmployees[Employee Name],MATCH(tblDocuments[[#This Row],[Employee ID]],tblEmployees[Employee ID],0)),"ID not found") -> Kavya Pawar | C51: Address Proof | D51: Not Submitted | E51: Not Verified | F51: =IF(tblDocuments[[#This Row],[Submission Status]]<>"Submitted","Not Submitted",IF(tblDocuments[[#This Row],[Verification Status]]="Verified","Verified",IF(tblDocuments[[#This Row],[Verification Status]]="Needs Resubmission","Needs Resubmission","Awaiting Verification"))) -> Not Submitted | G51: Reminder sent 14-Oct
A52: WBS-1046 | B52: =IFERROR(INDEX(tblEmployees[Employee Name],MATCH(tblDocuments[[#This Row],[Employee ID]],tblEmployees[Employee ID],0)),"ID not found") -> Kavya Pawar | C52: Education Certificates | D52: Submitted | E52: Not Verified | F52: =IF(tblDocuments[[#This Row],[Submission Status]]<>"Submitted","Not Submitted",IF(tblDocuments[[#This Row],[Verification Status]]="Verified","Verified",IF(tblDocuments[[#This Row],[Verification Status]]="Needs Resubmission","Needs Resubmission","Awaiting Verification"))) -> Awaiting Verification | G52: Sent to verification agency
A53: WBS-1046 | B53: =IFERROR(INDEX(tblEmployees[Employee Name],MATCH(tblDocuments[[#This Row],[Employee ID]],tblEmployees[Employee ID],0)),"ID not found") -> Kavya Pawar | C53: Bank Account Proof | D53: Submitted | E53: Verified | F53: =IF(tblDocuments[[#This Row],[Submission Status]]<>"Submitted","Not Submitted",IF(tblDocuments[[#This Row],[Verification Status]]="Verified","Verified",IF(tblDocuments[[#This Row],[Verification Status]]="Needs Resubmission","Needs Resubmission","Awaiting Verification"))) -> Verified
A54: WBS-1047 | B54: =IFERROR(INDEX(tblEmployees[Employee Name],MATCH(tblDocuments[[#This Row],[Employee ID]],tblEmployees[Employee ID],0)),"ID not found") -> Varun Salunkhe | C54: Identity Proof | D54: Submitted | E54: Not Verified | F54: =IF(tblDocuments[[#This Row],[Submission Status]]<>"Submitted","Not Submitted",IF(tblDocuments[[#This Row],[Verification Status]]="Verified","Verified",IF(tblDocuments[[#This Row],[Verification Status]]="Needs Resubmission","Needs Resubmission","Awaiting Verification"))) -> Awaiting Verification
A55: WBS-1047 | B55: =IFERROR(INDEX(tblEmployees[Employee Name],MATCH(tblDocuments[[#This Row],[Employee ID]],tblEmployees[Employee ID],0)),"ID not found") -> Varun Salunkhe | C55: Address Proof | D55: Submitted | E55: Not Verified | F55: =IF(tblDocuments[[#This Row],[Submission Status]]<>"Submitted","Not Submitted",IF(tblDocuments[[#This Row],[Verification Status]]="Verified","Verified",IF(tblDocuments[[#This Row],[Verification Status]]="Needs Resubmission","Needs Resubmission","Awaiting Verification"))) -> Awaiting Verification
A56: WBS-1047 | B56: =IFERROR(INDEX(tblEmployees[Employee Name],MATCH(tblDocuments[[#This Row],[Employee ID]],tblEmployees[Employee ID],0)),"ID not found") -> Varun Salunkhe | C56: Education Certificates | D56: Submitted | E56: Not Verified | F56: =IF(tblDocuments[[#This Row],[Submission Status]]<>"Submitted","Not Submitted",IF(tblDocuments[[#This Row],[Verification Status]]="Verified","Verified",IF(tblDocuments[[#This Row],[Verification Status]]="Needs Resubmission","Needs Resubmission","Awaiting Verification"))) -> Awaiting Verification
A57: WBS-1047 | B57: =IFERROR(INDEX(tblEmployees[Employee Name],MATCH(tblDocuments[[#This Row],[Employee ID]],tblEmployees[Employee ID],0)),"ID not found") -> Varun Salunkhe | C57: Bank Account Proof | D57: Submitted | E57: Needs Resubmission | F57: =IF(tblDocuments[[#This Row],[Submission Status]]<>"Submitted","Not Submitted",IF(tblDocuments[[#This Row],[Verification Status]]="Verified","Verified",IF(tblDocuments[[#This Row],[Verification Status]]="Needs Resubmission","Needs Resubmission","Awaiting Verification"))) -> Needs Resubmission | G57: Cheque image unclear - re-upload requested
A58: WBS-1048 | B58: =IFERROR(INDEX(tblEmployees[Employee Name],MATCH(tblDocuments[[#This Row],[Employee ID]],tblEmployees[Employee ID],0)),"ID not found") -> Ajinkya Jadhav | C58: Identity Proof | D58: Submitted | E58: Not Verified | F58: =IF(tblDocuments[[#This Row],[Submission Status]]<>"Submitted","Not Submitted",IF(tblDocuments[[#This Row],[Verification Status]]="Verified","Verified",IF(tblDocuments[[#This Row],[Verification Status]]="Needs Resubmission","Needs Resubmission","Awaiting Verification"))) -> Awaiting Verification
A59: WBS-1048 | B59: =IFERROR(INDEX(tblEmployees[Employee Name],MATCH(tblDocuments[[#This Row],[Employee ID]],tblEmployees[Employee ID],0)),"ID not found") -> Ajinkya Jadhav | C59: Address Proof | D59: Submitted | E59: Not Verified | F59: =IF(tblDocuments[[#This Row],[Submission Status]]<>"Submitted","Not Submitted",IF(tblDocuments[[#This Row],[Verification Status]]="Verified","Verified",IF(tblDocuments[[#This Row],[Verification Status]]="Needs Resubmission","Needs Resubmission","Awaiting Verification"))) -> Awaiting Verification
A60: WBS-1048 | B60: =IFERROR(INDEX(tblEmployees[Employee Name],MATCH(tblDocuments[[#This Row],[Employee ID]],tblEmployees[Employee ID],0)),"ID not found") -> Ajinkya Jadhav | C60: Education Certificates | D60: Not Submitted | E60: Not Verified | F60: =IF(tblDocuments[[#This Row],[Submission Status]]<>"Submitted","Not Submitted",IF(tblDocuments[[#This Row],[Verification Status]]="Verified","Verified",IF(tblDocuments[[#This Row],[Verification Status]]="Needs Resubmission","Needs Resubmission","Awaiting Verification"))) -> Not Submitted
A61: WBS-1048 | B61: =IFERROR(INDEX(tblEmployees[Employee Name],MATCH(tblDocuments[[#This Row],[Employee ID]],tblEmployees[Employee ID],0)),"ID not found") -> Ajinkya Jadhav | C61: Bank Account Proof | D61: Not Submitted | E61: Not Verified | F61: =IF(tblDocuments[[#This Row],[Submission Status]]<>"Submitted","Not Submitted",IF(tblDocuments[[#This Row],[Verification Status]]="Verified","Verified",IF(tblDocuments[[#This Row],[Verification Status]]="Needs Resubmission","Needs Resubmission","Awaiting Verification"))) -> Not Submitted
A62: WBS-1049 | B62: =IFERROR(INDEX(tblEmployees[Employee Name],MATCH(tblDocuments[[#This Row],[Employee ID]],tblEmployees[Employee ID],0)),"ID not found") -> Nikhil More | C62: Identity Proof | D62: Not Submitted | E62: Not Verified | F62: =IF(tblDocuments[[#This Row],[Submission Status]]<>"Submitted","Not Submitted",IF(tblDocuments[[#This Row],[Verification Status]]="Verified","Verified",IF(tblDocuments[[#This Row],[Verification Status]]="Needs Resubmission","Needs Resubmission","Awaiting Verification"))) -> Not Submitted | G62: Reminder sent 16-Oct
A63: WBS-1049 | B63: =IFERROR(INDEX(tblEmployees[Employee Name],MATCH(tblDocuments[[#This Row],[Employee ID]],tblEmployees[Employee ID],0)),"ID not found") -> Nikhil More | C63: Address Proof | D63: Submitted | E63: Not Verified | F63: =IF(tblDocuments[[#This Row],[Submission Status]]<>"Submitted","Not Submitted",IF(tblDocuments[[#This Row],[Verification Status]]="Verified","Verified",IF(tblDocuments[[#This Row],[Verification Status]]="Needs Resubmission","Needs Resubmission","Awaiting Verification"))) -> Awaiting Verification
A64: WBS-1049 | B64: =IFERROR(INDEX(tblEmployees[Employee Name],MATCH(tblDocuments[[#This Row],[Employee ID]],tblEmployees[Employee ID],0)),"ID not found") -> Nikhil More | C64: Education Certificates | D64: Submitted | E64: Not Verified | F64: =IF(tblDocuments[[#This Row],[Submission Status]]<>"Submitted","Not Submitted",IF(tblDocuments[[#This Row],[Verification Status]]="Verified","Verified",IF(tblDocuments[[#This Row],[Verification Status]]="Needs Resubmission","Needs Resubmission","Awaiting Verification"))) -> Awaiting Verification | G64: Sent to verification agency
A65: WBS-1049 | B65: =IFERROR(INDEX(tblEmployees[Employee Name],MATCH(tblDocuments[[#This Row],[Employee ID]],tblEmployees[Employee ID],0)),"ID not found") -> Nikhil More | C65: Bank Account Proof | D65: Not Submitted | E65: Not Verified | F65: =IF(tblDocuments[[#This Row],[Submission Status]]<>"Submitted","Not Submitted",IF(tblDocuments[[#This Row],[Verification Status]]="Verified","Verified",IF(tblDocuments[[#This Row],[Verification Status]]="Needs Resubmission","Needs Resubmission","Awaiting Verification"))) -> Not Submitted
A66: WBS-1050 | B66: =IFERROR(INDEX(tblEmployees[Employee Name],MATCH(tblDocuments[[#This Row],[Employee ID]],tblEmployees[Employee ID],0)),"ID not found") -> Dipti Mane | C66: Identity Proof | D66: Submitted | E66: Not Verified | F66: =IF(tblDocuments[[#This Row],[Submission Status]]<>"Submitted","Not Submitted",IF(tblDocuments[[#This Row],[Verification Status]]="Verified","Verified",IF(tblDocuments[[#This Row],[Verification Status]]="Needs Resubmission","Needs Resubmission","Awaiting Verification"))) -> Awaiting Verification
A67: WBS-1050 | B67: =IFERROR(INDEX(tblEmployees[Employee Name],MATCH(tblDocuments[[#This Row],[Employee ID]],tblEmployees[Employee ID],0)),"ID not found") -> Dipti Mane | C67: Address Proof | D67: Submitted | E67: Not Verified | F67: =IF(tblDocuments[[#This Row],[Submission Status]]<>"Submitted","Not Submitted",IF(tblDocuments[[#This Row],[Verification Status]]="Verified","Verified",IF(tblDocuments[[#This Row],[Verification Status]]="Needs Resubmission","Needs Resubmission","Awaiting Verification"))) -> Awaiting Verification
A68: WBS-1050 | B68: =IFERROR(INDEX(tblEmployees[Employee Name],MATCH(tblDocuments[[#This Row],[Employee ID]],tblEmployees[Employee ID],0)),"ID not found") -> Dipti Mane | C68: Education Certificates | D68: Submitted | E68: Not Verified | F68: =IF(tblDocuments[[#This Row],[Submission Status]]<>"Submitted","Not Submitted",IF(tblDocuments[[#This Row],[Verification Status]]="Verified","Verified",IF(tblDocuments[[#This Row],[Verification Status]]="Needs Resubmission","Needs Resubmission","Awaiting Verification"))) -> Awaiting Verification | G68: Sent to verification agency
A69: WBS-1050 | B69: =IFERROR(INDEX(tblEmployees[Employee Name],MATCH(tblDocuments[[#This Row],[Employee ID]],tblEmployees[Employee ID],0)),"ID not found") -> Dipti Mane | C69: Bank Account Proof | D69: Submitted | E69: Needs Resubmission | F69: =IF(tblDocuments[[#This Row],[Submission Status]]<>"Submitted","Not Submitted",IF(tblDocuments[[#This Row],[Verification Status]]="Verified","Verified",IF(tblDocuments[[#This Row],[Verification Status]]="Needs Resubmission","Needs Resubmission","Awaiting Verification"))) -> Needs Resubmission | G69: Cheque image unclear - re-upload requested

Sheet HR Operations Dashboard
A1: HR Operations Dashboard - Employee Onboarding
A2: Westline Business Services Pvt. Ltd. (fictional company, sample data)
A4: As of date | B4: 46311 | C4: Overdue and due soon are measured against this date. Type =TODAY() for a live report.
A5: Due-soon window (days) | B5: 3 | C5: Open tasks due from the as-of date up to this many days later are 'due soon'.
A7: Summary
A8: Metric | B8: Value | C8: How it is calculated
A9: Employees in the onboarding tracker | B9: =SUMPRODUCT(--(COUNTIF(tblOnboarding[Employee ID],tblEmployees[Employee ID])>0)) -> 17 | C9: Employees from the master who have at least one task in the tracker.
A10: Total onboarding tasks | B10: =COUNTA(tblOnboarding[Task ID]) -> 136 | C10: Number of rows in the Onboarding Tracker.
A11: Completed | B11: =COUNTIF(tblOnboarding[Status],"Completed") -> 94 | C11: Tasks with Status = Completed.
A12: In Progress | B12: =COUNTIF(tblOnboarding[Status],"In Progress") -> 18 | C12: Tasks with Status = In Progress.
A13: Pending | B13: =COUNTIF(tblOnboarding[Status],"Pending") -> 24 | C13: Tasks with Status = Pending (not started).
A14: Overdue | B14: =COUNTIF(tblOnboarding[Overdue],"Yes") -> 22 | C14: Not Completed and due before the as-of date. Also counted in Pending / In Progress.
A15: Due soon | B15: =COUNTIF(tblOnboarding[Due Soon],"Yes") -> 13 | C15: Not Completed and due within the due-soon window. Not overdue yet.
A16: Task completion rate | B16: =IFERROR(B11/B10,0) -> 0.69117647 | C16: Completed tasks / total tasks.
A17: Completion rate of tasks already due | B17: =IFERROR(COUNTIFS(tblOnboarding[Due Date],"<="&ReportDate,tblOnboarding[Status],"Completed")/COUNTIFS(tblOnboarding[Due Date],"<="&ReportDate),0) -> 0.78991597 | C17: Of tasks whose due date has arrived, the share that is Completed.
A18: Document verification rate | B18: =IFERROR(COUNTIF(tblDocuments[Document Status],"Verified")/COUNTA(tblDocuments[Document Type]),0) -> 0.5 | C18: Verified documents / all document records.
A20: Onboarding tasks by department (sorted by open tasks)
A21: Department | B21: Completed | C21: In Progress | D21: Pending | E21: Open
A22: =IFERROR(INDEX($A$84:$A$91,MATCH(LARGE($C$84:$C$91,ROWS(A$22:A22)),$C$84:$C$91,0)),"") -> Customer Support | B22: =IF($A22="","",COUNTIFS(tblOnboarding[Department],$A22,tblOnboarding[Status],"Completed")) -> 18 | C22: =IF($A22="","",COUNTIFS(tblOnboarding[Department],$A22,tblOnboarding[Status],"In Progress")) -> 5 | D22: =IF($A22="","",COUNTIFS(tblOnboarding[Department],$A22,tblOnboarding[Status],"Pending")) -> 9 | E22: =IF($A22="","",C22+D22) -> 14
A23: =IFERROR(INDEX($A$84:$A$91,MATCH(LARGE($C$84:$C$91,ROWS(A$22:A23)),$C$84:$C$91,0)),"") -> Marketing | B23: =IF($A23="","",COUNTIFS(tblOnboarding[Department],$A23,tblOnboarding[Status],"Completed")) -> 5 | C23: =IF($A23="","",COUNTIFS(tblOnboarding[Department],$A23,tblOnboarding[Status],"In Progress")) -> 3 | D23: =IF($A23="","",COUNTIFS(tblOnboarding[Department],$A23,tblOnboarding[Status],"Pending")) -> 8 | E23: =IF($A23="","",C23+D23) -> 11 | J23: Counts tasks, not people: departments with more recent joiners have more tasks. Sorted by open tasks (In Progress + Pending).
A24: =IFERROR(INDEX($A$84:$A$91,MATCH(LARGE($C$84:$C$91,ROWS(A$22:A24)),$C$84:$C$91,0)),"") -> Operations | B24: =IF($A24="","",COUNTIFS(tblOnboarding[Department],$A24,tblOnboarding[Status],"Completed")) -> 17 | C24: =IF($A24="","",COUNTIFS(tblOnboarding[Department],$A24,tblOnboarding[Status],"In Progress")) -> 4 | D24: =IF($A24="","",COUNTIFS(tblOnboarding[Department],$A24,tblOnboarding[Status],"Pending")) -> 3 | E24: =IF($A24="","",C24+D24) -> 7
A25: =IFERROR(INDEX($A$84:$A$91,MATCH(LARGE($C$84:$C$91,ROWS(A$22:A25)),$C$84:$C$91,0)),"") -> Sales | B25: =IF($A25="","",COUNTIFS(tblOnboarding[Department],$A25,tblOnboarding[Status],"Completed")) -> 13 | C25: =IF($A25="","",COUNTIFS(tblOnboarding[Department],$A25,tblOnboarding[Status],"In Progress")) -> 2 | D25: =IF($A25="","",COUNTIFS(tblOnboarding[Department],$A25,tblOnboarding[Status],"Pending")) -> 1 | E25: =IF($A25="","",C25+D25) -> 3
A26: =IFERROR(INDEX($A$84:$A$91,MATCH(LARGE($C$84:$C$91,ROWS(A$22:A26)),$C$84:$C$91,0)),"") -> Information Technology | B26: =IF($A26="","",COUNTIFS(tblOnboarding[Department],$A26,tblOnboarding[Status],"Completed")) -> 21 | C26: =IF($A26="","",COUNTIFS(tblOnboarding[Department],$A26,tblOnboarding[Status],"In Progress")) -> 2 | D26: =IF($A26="","",COUNTIFS(tblOnboarding[Department],$A26,tblOnboarding[Status],"Pending")) -> 1 | E26: =IF($A26="","",C26+D26) -> 3
A27: =IFERROR(INDEX($A$84:$A$91,MATCH(LARGE($C$84:$C$91,ROWS(A$22:A27)),$C$84:$C$91,0)),"") -> Administration | B27: =IF($A27="","",COUNTIFS(tblOnboarding[Department],$A27,tblOnboarding[Status],"Completed")) -> 6 | C27: =IF($A27="","",COUNTIFS(tblOnboarding[Department],$A27,tblOnboarding[Status],"In Progress")) -> 1 | D27: =IF($A27="","",COUNTIFS(tblOnboarding[Department],$A27,tblOnboarding[Status],"Pending")) -> 1 | E27: =IF($A27="","",C27+D27) -> 2
A28: =IFERROR(INDEX($A$84:$A$91,MATCH(LARGE($C$84:$C$91,ROWS(A$22:A28)),$C$84:$C$91,0)),"") -> Human Resources | B28: =IF($A28="","",COUNTIFS(tblOnboarding[Department],$A28,tblOnboarding[Status],"Completed")) -> 7 | C28: =IF($A28="","",COUNTIFS(tblOnboarding[Department],$A28,tblOnboarding[Status],"In Progress")) -> 0 | D28: =IF($A28="","",COUNTIFS(tblOnboarding[Department],$A28,tblOnboarding[Status],"Pending")) -> 1 | E28: =IF($A28="","",C28+D28) -> 1
A29: =IFERROR(INDEX($A$84:$A$91,MATCH(LARGE($C$84:$C$91,ROWS(A$22:A29)),$C$84:$C$91,0)),"") -> Finance | B29: =IF($A29="","",COUNTIFS(tblOnboarding[Department],$A29,tblOnboarding[Status],"Completed")) -> 7 | C29: =IF($A29="","",COUNTIFS(tblOnboarding[Department],$A29,tblOnboarding[Status],"In Progress")) -> 1 | D29: =IF($A29="","",COUNTIFS(tblOnboarding[Department],$A29,tblOnboarding[Status],"Pending")) -> 0 | E29: =IF($A29="","",C29+D29) -> 1
A31: Open and overdue tasks by owner
A32: Task owner | B32: Open tasks | C32: Overdue (in Open) | D32: Due soon
A33: =Lists!D2 -> HR | B33: =COUNTIFS(tblOnboarding[Task Owner],$A33,tblOnboarding[Status],"<>Completed") -> 25 | C33: =COUNTIFS(tblOnboarding[Task Owner],$A33,tblOnboarding[Overdue],"Yes") -> 13 | D33: =COUNTIFS(tblOnboarding[Task Owner],$A33,tblOnboarding[Due Soon],"Yes") -> 7
A34: =Lists!D3 -> IT | B34: =COUNTIFS(tblOnboarding[Task Owner],$A34,tblOnboarding[Status],"<>Completed") -> 3 | C34: =COUNTIFS(tblOnboarding[Task Owner],$A34,tblOnboarding[Overdue],"Yes") -> 3 | D34: =COUNTIFS(tblOnboarding[Task Owner],$A34,tblOnboarding[Due Soon],"Yes") -> 0
A35: =Lists!D4 -> Payroll | B35: =COUNTIFS(tblOnboarding[Task Owner],$A35,tblOnboarding[Status],"<>Completed") -> 8 | C35: =COUNTIFS(tblOnboarding[Task Owner],$A35,tblOnboarding[Overdue],"Yes") -> 4 | D35: =COUNTIFS(tblOnboarding[Task Owner],$A35,tblOnboarding[Due Soon],"Yes") -> 4
A36: =Lists!D5 -> Reporting Manager | B36: =COUNTIFS(tblOnboarding[Task Owner],$A36,tblOnboarding[Status],"<>Completed") -> 6 | C36: =COUNTIFS(tblOnboarding[Task Owner],$A36,tblOnboarding[Overdue],"Yes") -> 2 | D36: =COUNTIFS(tblOnboarding[Task Owner],$A36,tblOnboarding[Due Soon],"Yes") -> 2
A38: Lowest onboarding completion (10 employees with open tasks)
A39: Employee | B39: Employee ID | C39: Joined | D39: Completed | E39: Total tasks | F39: % complete
A40: =IF($B40="","",INDEX($B$96:$B$155,MATCH($B40,$A$96:$A$155,0))) -> Dipti Mane | B40: =IFERROR(INDEX($A$96:$A$155,MATCH(SMALL($G$96:$G$155,ROWS(B$40:B40)),$G$96:$G$155,0)),"") -> WBS-1050 | C40: =IF($B40="","",INDEX(tblEmployees[Joining Date],MATCH($B40,tblEmployees[Employee ID],0))) -> 46309 | D40: =IF($B40="","",INDEX($D$96:$D$155,MATCH($B40,$A$96:$A$155,0))) -> 1 | E40: =IF($B40="","",INDEX($C$96:$C$155,MATCH($B40,$A$96:$A$155,0))) -> 8 | F40: =IF($B40="","",D40/E40) -> 0.125 | J40: Overdue tasks are part of open tasks, not extra. Shows where follow-up sits, not who is slow: tasks also depend on employees and managers.
A41: =IF($B41="","",INDEX($B$96:$B$155,MATCH($B41,$A$96:$A$155,0))) -> Nikhil More | B41: =IFERROR(INDEX($A$96:$A$155,MATCH(SMALL($G$96:$G$155,ROWS(B$40:B41)),$G$96:$G$155,0)),"") -> WBS-1049 | C41: =IF($B41="","",INDEX(tblEmployees[Joining Date],MATCH($B41,tblEmployees[Employee ID],0))) -> 46308 | D41: =IF($B41="","",INDEX($D$96:$D$155,MATCH($B41,$A$96:$A$155,0))) -> 1 | E41: =IF($B41="","",INDEX($C$96:$C$155,MATCH($B41,$A$96:$A$155,0))) -> 8 | F41: =IF($B41="","",D41/E41) -> 0.125
A42: =IF($B42="","",INDEX($B$96:$B$155,MATCH($B42,$A$96:$A$155,0))) -> Varun Salunkhe | B42: =IFERROR(INDEX($A$96:$A$155,MATCH(SMALL($G$96:$G$155,ROWS(B$40:B42)),$G$96:$G$155,0)),"") -> WBS-1047 | C42: =IF($B42="","",INDEX(tblEmployees[Joining Date],MATCH($B42,tblEmployees[Employee ID],0))) -> 46307 | D42: =IF($B42="","",INDEX($D$96:$D$155,MATCH($B42,$A$96:$A$155,0))) -> 3 | E42: =IF($B42="","",INDEX($C$96:$C$155,MATCH($B42,$A$96:$A$155,0))) -> 8 | F42: =IF($B42="","",D42/E42) -> 0.375
A43: =IF($B43="","",INDEX($B$96:$B$155,MATCH($B43,$A$96:$A$155,0))) -> Ajinkya Jadhav | B43: =IFERROR(INDEX($A$96:$A$155,MATCH(SMALL($G$96:$G$155,ROWS(B$40:B43)),$G$96:$G$155,0)),"") -> WBS-1048 | C43: =IF($B43="","",INDEX(tblEmployees[Joining Date],MATCH($B43,tblEmployees[Employee ID],0))) -> 46307 | D43: =IF($B43="","",INDEX($D$96:$D$155,MATCH($B43,$A$96:$A$155,0))) -> 4 | E43: =IF($B43="","",INDEX($C$96:$C$155,MATCH($B43,$A$96:$A$155,0))) -> 8 | F43: =IF($B43="","",D43/E43) -> 0.5
A44: =IF($B44="","",INDEX($B$96:$B$155,MATCH($B44,$A$96:$A$155,0))) -> Priya Kadam | B44: =IFERROR(INDEX($A$96:$A$155,MATCH(SMALL($G$96:$G$155,ROWS(B$40:B44)),$G$96:$G$155,0)),"") -> WBS-1036 | C44: =IF($B44="","",INDEX(tblEmployees[Joining Date],MATCH($B44,tblEmployees[Employee ID],0))) -> 46279 | D44: =IF($B44="","",INDEX($D$96:$D$155,MATCH($B44,$A$96:$A$155,0))) -> 5 | E44: =IF($B44="","",INDEX($C$96:$C$155,MATCH($B44,$A$96:$A$155,0))) -> 8 | F44: =IF($B44="","",D44/E44) -> 0.625
A45: =IF($B45="","",INDEX($B$96:$B$155,MATCH($B45,$A$96:$A$155,0))) -> Pratik Iyer | B45: =IFERROR(INDEX($A$96:$A$155,MATCH(SMALL($G$96:$G$155,ROWS(B$40:B45)),$G$96:$G$155,0)),"") -> WBS-1045 | C45: =IF($B45="","",INDEX(tblEmployees[Joining Date],MATCH($B45,tblEmployees[Employee ID],0))) -> 46300 | D45: =IF($B45="","",INDEX($D$96:$D$155,MATCH($B45,$A$96:$A$155,0))) -> 6 | E45: =IF($B45="","",INDEX($C$96:$C$155,MATCH($B45,$A$96:$A$155,0))) -> 8 | F45: =IF($B45="","",D45/E45) -> 0.75
A46: =IF($B46="","",INDEX($B$96:$B$155,MATCH($B46,$A$96:$A$155,0))) -> Rutuja Sawant | B46: =IFERROR(INDEX($A$96:$A$155,MATCH(SMALL($G$96:$G$155,ROWS(B$40:B46)),$G$96:$G$155,0)),"") -> WBS-1044 | C46: =IF($B46="","",INDEX(tblEmployees[Joining Date],MATCH($B46,tblEmployees[Employee ID],0))) -> 46300 | D46: =IF($B46="","",INDEX($D$96:$D$155,MATCH($B46,$A$96:$A$155,0))) -> 6 | E46: =IF($B46="","",INDEX($C$96:$C$155,MATCH($B46,$A$96:$A$155,0))) -> 8 | F46: =IF($B46="","",D46/E46) -> 0.75
A47: =IF($B47="","",INDEX($B$96:$B$155,MATCH($B47,$A$96:$A$155,0))) -> Shruti Bansal | B47: =IFERROR(INDEX($A$96:$A$155,MATCH(SMALL($G$96:$G$155,ROWS(B$40:B47)),$G$96:$G$155,0)),"") -> WBS-1043 | C47: =IF($B47="","",INDEX(tblEmployees[Joining Date],MATCH($B47,tblEmployees[Employee ID],0))) -> 46300 | D47: =IF($B47="","",INDEX($D$96:$D$155,MATCH($B47,$A$96:$A$155,0))) -> 6 | E47: =IF($B47="","",INDEX($C$96:$C$155,MATCH($B47,$A$96:$A$155,0))) -> 8 | F47: =IF($B47="","",D47/E47) -> 0.75
A48: =IF($B48="","",INDEX($B$96:$B$155,MATCH($B48,$A$96:$A$155,0))) -> Vaishnavi Pillai | B48: =IFERROR(INDEX($A$96:$A$155,MATCH(SMALL($G$96:$G$155,ROWS(B$40:B48)),$G$96:$G$155,0)),"") -> WBS-1038 | C48: =IF($B48="","",INDEX(tblEmployees[Joining Date],MATCH($B48,tblEmployees[Employee ID],0))) -> 46286 | D48: =IF($B48="","",INDEX($D$96:$D$155,MATCH($B48,$A$96:$A$155,0))) -> 6 | E48: =IF($B48="","",INDEX($C$96:$C$155,MATCH($B48,$A$96:$A$155,0))) -> 8 | F48: =IF($B48="","",D48/E48) -> 0.75
A49: =IF($B49="","",INDEX($B$96:$B$155,MATCH($B49,$A$96:$A$155,0))) -> Amey Joshi | B49: =IFERROR(INDEX($A$96:$A$155,MATCH(SMALL($G$96:$G$155,ROWS(B$40:B49)),$G$96:$G$155,0)),"") -> WBS-1040 | C49: =IF($B49="","",INDEX(tblEmployees[Joining Date],MATCH($B49,tblEmployees[Employee ID],0))) -> 46293 | D49: =IF($B49="","",INDEX($D$96:$D$155,MATCH($B49,$A$96:$A$155,0))) -> 7 | E49: =IF($B49="","",INDEX($C$96:$C$155,MATCH($B49,$A$96:$A$155,0))) -> 8 | F49: =IF($B49="","",D49/E49) -> 0.875
A51: Document status
A52: Status | B52: Documents | C52: What it means
A53: Verified | B53: =COUNTIF(tblDocuments[Document Status],"Verified") -> 34 | C53: Submitted and checked. No action.
A54: Awaiting verification | B54: =COUNTIF(tblDocuments[Document Status],"Awaiting Verification") -> 19 | C54: Submitted, not yet verified. HR / agency to complete the check.
A55: Needs resubmission | B55: =COUNTIF(tblDocuments[Document Status],"Needs Resubmission") -> 4 | C55: Submitted but rejected. Employee must send it again.
A56: Not submitted | B56: =COUNTIF(tblDocuments[Document Status],"Not Submitted") -> 11 | C56: Not received yet. Employee must send it.
A57: All document records | B57: =COUNTA(tblDocuments[Document Type]) -> 68
A59: Data checks
A60: Checks passed (detail in rows 69-79) | B60: =COUNTIF($C$69:$C$79,"OK")&" of "&ROWS($C$69:$C$79) -> 11 of 11 | C60: =IF(COUNTIF($C$69:$C$79,"Check")=0,"OK","Check") -> OK | J60: Lowest 10 of the employees with open tasks. A recent joiner can score low only because few tasks are due yet; check the Joined date.
A62: Notes
A63: Sample data is built around 16-Oct-2026, so the as-of date is typed in. Put =TODAY() in B4 to use the tracker live (open tasks then become overdue as days pass).
A64: Status is what the task owner reports. Overdue and Due Soon are worked out from Status and Due Date and never change Status. Tables and charts are formulas, so they update by themselves (F9 if calculation is manual).
A65: Follow-up: filter the Onboarding Tracker on Overdue = Yes or Due Soon = Yes; filter the Document Checklist on Document Status. Set Employment Status to Active when onboarding is finished.
A67: Data check details (result should be OK)
A68: Check | B68: Difference | C68: Result
A69: Completed + In Progress + Pending = total tasks | B69: =B10-(B11+B12+B13) -> 0 | C69: =IF(B69=0,"OK","Check") -> OK
A70: Open tasks by owner = In Progress + Pending | B70: =SUM(B33:B36)-(B12+B13) -> 0 | C70: =IF(B70=0,"OK","Check") -> OK
A71: Open tasks by department = In Progress + Pending | B71: =SUM(E22:E29)-(B12+B13) -> 0 | C71: =IF(B71=0,"OK","Check") -> OK
A72: Overdue flag matches Status and Due Date | B72: =B14-COUNTIFS(tblOnboarding[Status],"<>Completed",tblOnboarding[Due Date],"<"&ReportDate) -> 0 | C72: =IF(B72=0,"OK","Check") -> OK
A73: Tasks with an Employee ID not in the master | B73: =COUNTIF(tblOnboarding[Employee Name],"ID not found") -> 0 | C73: =IF(B73=0,"OK","Check") -> OK
A74: Documents with an Employee ID not in the master | B74: =COUNTIF(tblDocuments[Employee Name],"ID not found") -> 0 | C74: =IF(B74=0,"OK","Check") -> OK
A75: Document status rows add up to all records | B75: =B57-SUM(B53:B56) -> 0 | C75: =IF(B75=0,"OK","Check") -> OK
A76: Completed tasks with no completion date | B76: =COUNTIFS(tblOnboarding[Status],"Completed",tblOnboarding[Completion Date],"") -> 0 | C76: =IF(B76=0,"OK","Check") -> OK
A77: Open tasks that have a completion date | B77: =COUNTIFS(tblOnboarding[Status],"<>Completed",tblOnboarding[Completion Date],"<>") -> 0 | C77: =IF(B77=0,"OK","Check") -> OK
A78: Not Submitted but also marked verified or rejected | B78: =COUNTIFS(tblDocuments[Submission Status],"Not Submitted",tblDocuments[Verification Status],"Verified")+COUNTIFS(tblDocuments[Submission Status],"Not Submitted",tblDocuments[Verification Status],"Needs Resubmission") -> 0 | C78: =IF(B78=0,"OK","Check") -> OK
A79: Employees missing from the chart workings (max 60) | B79: =ROWS(tblEmployees[Employee ID])-COUNTIF($A$96:$A$155,"?*") -> 0 | C79: =IF(B79=0,"OK","Check") -> OK
A82: Chart workings (formulas, do not type here)
A83: Department (from Lists) | B83: Open tasks | C83: Sort key
A84: =IF(Lists!A2="","",Lists!A2) -> Human Resources | B84: =IF(A84="","",COUNTIFS(tblOnboarding[Department],A84,tblOnboarding[Status],"<>Completed")) -> 1 | C84: =IF(A84="","",B84+(1000-ROW())/100000) -> 1.00916
A85: =IF(Lists!A3="","",Lists!A3) -> Operations | B85: =IF(A85="","",COUNTIFS(tblOnboarding[Department],A85,tblOnboarding[Status],"<>Completed")) -> 7 | C85: =IF(A85="","",B85+(1000-ROW())/100000) -> 7.00915
A86: =IF(Lists!A4="","",Lists!A4) -> Finance | B86: =IF(A86="","",COUNTIFS(tblOnboarding[Department],A86,tblOnboarding[Status],"<>Completed")) -> 1 | C86: =IF(A86="","",B86+(1000-ROW())/100000) -> 1.00914
A87: =IF(Lists!A5="","",Lists!A5) -> Sales | B87: =IF(A87="","",COUNTIFS(tblOnboarding[Department],A87,tblOnboarding[Status],"<>Completed")) -> 3 | C87: =IF(A87="","",B87+(1000-ROW())/100000) -> 3.00913
A88: =IF(Lists!A6="","",Lists!A6) -> Marketing | B88: =IF(A88="","",COUNTIFS(tblOnboarding[Department],A88,tblOnboarding[Status],"<>Completed")) -> 11 | C88: =IF(A88="","",B88+(1000-ROW())/100000) -> 11.00912
A89: =IF(Lists!A7="","",Lists!A7) -> Information Technology | B89: =IF(A89="","",COUNTIFS(tblOnboarding[Department],A89,tblOnboarding[Status],"<>Completed")) -> 3 | C89: =IF(A89="","",B89+(1000-ROW())/100000) -> 3.00911
A90: =IF(Lists!A8="","",Lists!A8) -> Customer Support | B90: =IF(A90="","",COUNTIFS(tblOnboarding[Department],A90,tblOnboarding[Status],"<>Completed")) -> 14 | C90: =IF(A90="","",B90+(1000-ROW())/100000) -> 14.0091
A91: =IF(Lists!A9="","",Lists!A9) -> Administration | B91: =IF(A91="","",COUNTIFS(tblOnboarding[Department],A91,tblOnboarding[Status],"<>Completed")) -> 2 | C91: =IF(A91="","",B91+(1000-ROW())/100000) -> 2.00909
A94: Sort key = % complete + a tiny row-based tie-breaker; only employees with open tasks get a key. SMALL() on the key gives the lowest-completion list.
A95: Employee ID | B95: Employee name | C95: Total tasks | D95: Completed | E95: Open | F95: % complete | G95: Sort key
A96: =IFERROR(INDEX(tblEmployees[Employee ID],ROWS(A$96:A96)),"") -> WBS-1007 | B96: =IFERROR(INDEX(tblEmployees[Employee Name],ROWS(A$96:A96)),"") -> Aishwarya Lokhande | C96: =IF(A96="","",COUNTIF(tblOnboarding[Employee ID],A96)) -> 0 | D96: =IF(A96="","",COUNTIFS(tblOnboarding[Employee ID],A96,tblOnboarding[Status],"Completed")) -> 0 | E96: =IF(A96="","",C96-D96) -> 0 | F96: =IF(A96="","",IF(C96=0,"",D96/C96)) | G96: =IF(A96="","",IF(AND(C96>0,E96>0),F96+ROW()/10000000,""))
A97: =IFERROR(INDEX(tblEmployees[Employee ID],ROWS(A$96:A97)),"") -> WBS-1048 | B97: =IFERROR(INDEX(tblEmployees[Employee Name],ROWS(A$96:A97)),"") -> Ajinkya Jadhav | C97: =IF(A97="","",COUNTIF(tblOnboarding[Employee ID],A97)) -> 8 | D97: =IF(A97="","",COUNTIFS(tblOnboarding[Employee ID],A97,tblOnboarding[Status],"Completed")) -> 4 | E97: =IF(A97="","",C97-D97) -> 4 | F97: =IF(A97="","",IF(C97=0,"",D97/C97)) -> 0.5 | G97: =IF(A97="","",IF(AND(C97>0,E97>0),F97+ROW()/10000000,"")) -> 0.5000097
A98: =IFERROR(INDEX(tblEmployees[Employee ID],ROWS(A$96:A98)),"") -> WBS-1008 | B98: =IFERROR(INDEX(tblEmployees[Employee Name],ROWS(A$96:A98)),"") -> Akash Chavan | C98: =IF(A98="","",COUNTIF(tblOnboarding[Employee ID],A98)) -> 0 | D98: =IF(A98="","",COUNTIFS(tblOnboarding[Employee ID],A98,tblOnboarding[Status],"Completed")) -> 0 | E98: =IF(A98="","",C98-D98) -> 0 | F98: =IF(A98="","",IF(C98=0,"",D98/C98)) | G98: =IF(A98="","",IF(AND(C98>0,E98>0),F98+ROW()/10000000,""))
A99: =IFERROR(INDEX(tblEmployees[Employee ID],ROWS(A$96:A99)),"") -> WBS-1040 | B99: =IFERROR(INDEX(tblEmployees[Employee Name],ROWS(A$96:A99)),"") -> Amey Joshi | C99: =IF(A99="","",COUNTIF(tblOnboarding[Employee ID],A99)) -> 8 | D99: =IF(A99="","",COUNTIFS(tblOnboarding[Employee ID],A99,tblOnboarding[Status],"Completed")) -> 7 | E99: =IF(A99="","",C99-D99) -> 1 | F99: =IF(A99="","",IF(C99=0,"",D99/C99)) -> 0.875 | G99: =IF(A99="","",IF(AND(C99>0,E99>0),F99+ROW()/10000000,"")) -> 0.8750099
A100: =IFERROR(INDEX(tblEmployees[Employee ID],ROWS(A$96:A100)),"") -> WBS-1042 | B100: =IFERROR(INDEX(tblEmployees[Employee Name],ROWS(A$96:A100)),"") -> Apeksha Bansal | C100: =IF(A100="","",COUNTIF(tblOnboarding[Employee ID],A100)) -> 0 | D100: =IF(A100="","",COUNTIFS(tblOnboarding[Employee ID],A100,tblOnboarding[Status],"Completed")) -> 0 | E100: =IF(A100="","",C100-D100) -> 0 | F100: =IF(A100="","",IF(C100=0,"",D100/C100)) | G100: =IF(A100="","",IF(AND(C100>0,E100>0),F100+ROW()/10000000,""))
A101: =IFERROR(INDEX(tblEmployees[Employee ID],ROWS(A$96:A101)),"") -> WBS-1016 | B101: =IFERROR(INDEX(tblEmployees[Employee Name],ROWS(A$96:A101)),"") -> Archana Mane | C101: =IF(A101="","",COUNTIF(tblOnboarding[Employee ID],A101)) -> 0 | D101: =IF(A101="","",COUNTIFS(tblOnboarding[Employee ID],A101,tblOnboarding[Status],"Completed")) -> 0 | E101: =IF(A101="","",C101-D101) -> 0 | F101: =IF(A101="","",IF(C101=0,"",D101/C101)) | G101: =IF(A101="","",IF(AND(C101>0,E101>0),F101+ROW()/10000000,""))
A102: =IFERROR(INDEX(tblEmployees[Employee ID],ROWS(A$96:A102)),"") -> WBS-1028 | B102: =IFERROR(INDEX(tblEmployees[Employee Name],ROWS(A$96:A102)),"") -> Bhavna Chaudhari | C102: =IF(A102="","",COUNTIF(tblOnboarding[Employee ID],A102)) -> 0 | D102: =IF(A102="","",COUNTIFS(tblOnboarding[Employee ID],A102,tblOnboarding[Status],"Completed")) -> 0 | E102: =IF(A102="","",C102-D102) -> 0 | F102: =IF(A102="","",IF(C102=0,"",D102/C102)) | G102: =IF(A102="","",IF(AND(C102>0,E102>0),F102+ROW()/10000000,""))
A103: =IFERROR(INDEX(tblEmployees[Employee ID],ROWS(A$96:A103)),"") -> WBS-1010 | B103: =IFERROR(INDEX(tblEmployees[Employee Name],ROWS(A$96:A103)),"") -> Deepak More | C103: =IF(A103="","",COUNTIF(tblOnboarding[Employee ID],A103)) -> 0 | D103: =IF(A103="","",COUNTIFS(tblOnboarding[Employee ID],A103,tblOnboarding[Status],"Completed")) -> 0 | E103: =IF(A103="","",C103-D103) -> 0 | F103: =IF(A103="","",IF(C103=0,"",D103/C103)) | G103: =IF(A103="","",IF(AND(C103>0,E103>0),F103+ROW()/10000000,""))
A104: =IFERROR(INDEX(tblEmployees[Employee ID],ROWS(A$96:A104)),"") -> WBS-1009 | B104: =IFERROR(INDEX(tblEmployees[Employee Name],ROWS(A$96:A104)),"") -> Dhruv Mehta | C104: =IF(A104="","",COUNTIF(tblOnboarding[Employee ID],A104)) -> 0 | D104: =IF(A104="","",COUNTIFS(tblOnboarding[Employee ID],A104,tblOnboarding[Status],"Completed")) -> 0 | E104: =IF(A104="","",C104-D104) -> 0 | F104: =IF(A104="","",IF(C104=0,"",D104/C104)) | G104: =IF(A104="","",IF(AND(C104>0,E104>0),F104+ROW()/10000000,""))
A105: =IFERROR(INDEX(tblEmployees[Employee ID],ROWS(A$96:A105)),"") -> WBS-1050 | B105: =IFERROR(INDEX(tblEmployees[Employee Name],ROWS(A$96:A105)),"") -> Dipti Mane | C105: =IF(A105="","",COUNTIF(tblOnboarding[Employee ID],A105)) -> 8 | D105: =IF(A105="","",COUNTIFS(tblOnboarding[Employee ID],A105,tblOnboarding[Status],"Completed")) -> 1 | E105: =IF(A105="","",C105-D105) -> 7 | F105: =IF(A105="","",IF(C105=0,"",D105/C105)) -> 0.125 | G105: =IF(A105="","",IF(AND(C105>0,E105>0),F105+ROW()/10000000,"")) -> 0.1250105
A106: =IFERROR(INDEX(tblEmployees[Employee ID],ROWS(A$96:A106)),"") -> WBS-1015 | B106: =IFERROR(INDEX(tblEmployees[Employee Name],ROWS(A$96:A106)),"") -> Divya Iyer | C106: =IF(A106="","",COUNTIF(tblOnboarding[Employee ID],A106)) -> 0 | D106: =IF(A106="","",COUNTIFS(tblOnboarding[Employee ID],A106,tblOnboarding[Status],"Completed")) -> 0 | E106: =IF(A106="","",C106-D106) -> 0 | F106: =IF(A106="","",IF(C106=0,"",D106/C106)) | G106: =IF(A106="","",IF(AND(C106>0,E106>0),F106+ROW()/10000000,""))
A107: =IFERROR(INDEX(tblEmployees[Employee ID],ROWS(A$96:A107)),"") -> WBS-1029 | B107: =IFERROR(INDEX(tblEmployees[Employee Name],ROWS(A$96:A107)),"") -> Gaurav Shetty | C107: =IF(A107="","",COUNTIF(tblOnboarding[Employee ID],A107)) -> 0 | D107: =IF(A107="","",COUNTIFS(tblOnboarding[Employee ID],A107,tblOnboarding[Status],"Completed")) -> 0 | E107: =IF(A107="","",C107-D107) -> 0 | F107: =IF(A107="","",IF(C107=0,"",D107/C107)) | G107: =IF(A107="","",IF(AND(C107>0,E107>0),F107+ROW()/10000000,""))
... A155: =IFERROR(INDEX(tblEmployees[Employee ID],ROWS(A$96:A155)),"") | B155: =IFERROR(INDEX(tblEmployees[Employee Name],ROWS(A$96:A155)),"") | C155: =IF(A155="","",COUNTIF(tblOnboarding[Employee ID],A155)) | D155: =IF(A155="","",COUNTIFS(tblOnboarding[Employee ID],A155,tblOnboarding[Status],"Completed")) | E155: =IF(A155="","",C155-D155) | F155: =IF(A155="","",IF(C155=0,"",D155/C155)) | G155: =IF(A155="","",IF(AND(C155>0,E155>0),F155+ROW()/10000000,""))

Sheet Lists
A1: Department | B1: Work Location | C1: Employment Status | D1: Task Owner | E1: Task Status | F1: Onboarding Task | G1: Document Type | H1: Submission Status | I1: Verification Status
A2: Human Resources | B2: Pune | C2: Onboarding | D2: HR | E2: Pending | F2: Offer letter acknowledgement | G2: Identity Proof | H2: Submitted | I2: Not Verified
A3: Operations | B3: Mumbai | C3: Active | D3: IT | E3: In Progress | F3: Identity document submission | G3: Address Proof | H3: Not Submitted | I3: Verified
A4: Finance | B4: Nashik | C4: Notice Period | D4: Payroll | E4: Completed | F4: IT account creation | G4: Education Certificates | I4: Needs Resubmission
A5: Sales | D5: Reporting Manager | F5: Company policy acknowledgement | G5: Bank Account Proof
A6: Marketing | F6: HR orientation
A7: Information Technology | F7: Bank details submission
A8: Customer Support | F8: Department induction
A9: Administration | F9: Education certificate verification
A13: Dropdown sources. To add a value, type it below the list, then extend that list's named range (Formulas > Name Manager).
